timestamp,frame,track_id,class_id,class_name,distance_m,velocity_m_s,angle_deg
1763166402.4065094,25,1,27,tie,1.4741,,-6.2805
1763166402.5487788,26,1,0,person,0.4688,-7.0659,3.0982
1763166402.6542509,27,1,0,person,0.4438,-0.2373,2.2730
1763166402.7609088,28,1,0,person,0.4438,,2.2730
1763166402.8752701,29,1,0,person,0.5059,0.5431,-2.5310
1763166402.9803612,30,1,0,person,0.4157,-0.8585,0.1034
1763166403.1055384,31,1,0,person,0.4036,-0.0967,0.2067
1763166403.2297168,32,1,0,person,0.4089,0.0426,0.4135
1763166403.3663402,33,1,0,person,0.4042,-0.0340,0.1551
1763166403.4818695,34,1,0,person,0.4102,0.0518,0.6202
1763166403.6168294,35,1,0,person,0.4129,0.0201,1.0336
1763166403.7081783,36,1,0,person,0.4157,0.0301,1.3436
1763166403.8693633,37,1,0,person,0.4271,0.0707,1.3436
1763166404.0374749,38,1,0,person,0.4300,0.0175,1.9633
1763166404.1478312,39,1,0,person,0.4300,,1.9633
1763166404.2767773,40,1,0,person,0.4308,0.0058,2.3246
1763166404.4103646,41,1,0,person,0.4256,-0.0385,2.2730
1763166404.500767,42,1,0,person,0.4256,,2.2730
1763166404.6104665,43,1,0,person,0.4264,0.0066,2.4278
1763166404.7191153,44,1,0,person,0.4308,0.0407,2.2214
1763166404.835098,45,1,0,person,0.4278,-0.0255,1.2920
1763166404.9168499,46,1,0,person,0.4323,0.0544,1.4986
1763166405.0270123,47,1,0,person,0.4199,-0.1123,1.2403
1763166405.1466389,48,1,0,person,0.4438,0.1999,0.3101
1763166405.251463,49,1,15,cat,0.4836,0.3801,0.0517
1763166405.3774714,50,1,15,cat,0.5269,0.3430,0.6202
1763166405.5015495,51,1,0,person,0.4494,-0.6243,0.5685
1763166405.6226087,52,1,0,person,0.4494,,0.5685
1763166405.7509487,53,1,0,person,0.4494,,0.5685
1763166405.8778172,54,1,0,person,0.4593,0.0783,0.7753
1763166405.999687,55,1,0,person,0.4593,,0.7753
1763166406.1088996,56,1,0,person,0.4593,,0.7753
1763166406.249121,57,1,0,person,0.4535,-0.0417,1.0336
1763166406.4038758,58,1,0,person,0.4478,-0.0368,1.1886
1763166406.5125947,59,1,0,person,0.4462,-0.0147,2.7373
1763166406.5990837,60,1,0,person,0.4462,,2.7373
1763166406.7062814,61,1,0,person,0.4414,-0.0442,2.9436
1763166406.8218915,62,1,0,person,0.4315,-0.0859,1.7568
1763166406.9107885,63,1,0,person,0.4242,-0.0826,1.6535
1763166407.0144136,64,1,0,person,0.4264,0.0210,1.4986
1763166407.1253247,65,1,0,person,0.4470,0.1860,0.8269
1763166407.2549152,66,1,0,person,0.7558,2.3831,-8.4156
1763166407.3859143,67,1,0,person,0.7558,,-8.4156
1763166407.5007558,68,1,0,person,0.7558,,-8.4156
1763166407.6069326,69,1,0,person,0.4824,-2.5747,-3.0467
1763166407.6877537,70,1,0,person,0.4502,-0.3987,0.7236
1763166407.7925832,71,1,0,person,0.4383,-0.1132,0.6719
1763166407.880207,72,1,0,person,0.4383,,0.6719
1763166408.0020416,73,1,0,person,0.4383,,0.6719
1763166408.1199,74,1,0,person,0.4383,,0.6719
1763166408.2265232,75,1,0,person,0.4383,,0.6719
1763166408.336916,76,1,0,person,0.5580,1.0837,-9.7762
1763166408.4429836,77,1,0,person,0.3940,-1.5458,-0.0517
1763166408.5371401,78,1,0,person,0.3940,,-0.0517
1763166408.6288555,79,1,0,person,0.3940,,-0.0517
1763166408.737365,80,1,0,person,0.3940,,-0.0517
1763166408.8523648,81,1,0,person,0.3940,,-0.0517
1763166408.9583232,82,1,0,person,0.3940,,-0.0517
1763166409.060357,83,1,0,person,0.3940,,-0.0517
1763166409.1435485,84,1,0,person,0.3940,,-0.0517
1763166409.2403774,85,1,0,person,0.3940,,-0.0517
1763166409.337634,86,1,0,person,0.3940,,-0.0517
1763166409.4318519,87,1,0,person,0.3940,,-0.0517
1763166409.5195296,88,1,0,person,0.3940,,-0.0517
1763166409.6258593,89,1,0,person,0.3940,,-0.0517
1763166409.730318,90,1,0,person,0.3940,,-0.0517
1763166409.8136716,91,1,0,person,0.3940,,-0.0517
1763166409.9079442,92,1,0,person,0.3940,,-0.0517
1763166410.0182714,93,1,0,person,0.3940,,-0.0517
1763166410.1314163,94,1,0,person,0.3940,,-0.0517
1763166410.2383957,95,1,0,person,0.3940,,-0.0517
1763166410.3449244,96,1,15,cat,0.4413,0.4437,0.5169
1763166410.3459532,96,2,0,person,0.4069,,1.2920
1763166410.45515,97,1,15,cat,0.4413,,0.5169
1763166410.4561617,97,2,0,person,0.4069,,1.2920
1763166410.5465808,98,1,15,cat,0.4413,,0.5169
1763166410.5465808,98,2,0,person,0.4069,,1.2920
1763166410.6480825,99,1,15,cat,0.4413,,0.5169
1763166410.6491084,99,2,0,person,0.4220,0.1477,-0.2584
1763166410.7451124,100,1,15,cat,0.8199,3.9021,8.6178
1763166410.7451124,100,2,0,person,0.4010,-0.2191,-0.2067
1763166410.830443,101,1,15,cat,0.4551,-4.2757,-0.2584
1763166410.830443,101,2,0,person,0.4049,0.0458,-0.3101
1763166410.9357247,102,1,15,cat,0.4551,,-0.2584
1763166410.9367387,102,2,0,person,0.4049,,-0.3101
1763166411.0213253,103,1,15,cat,0.6826,2.6580,9.5251
1763166411.0213253,103,2,0,person,0.4029,-0.0232,-0.0517
1763166411.1167376,104,1,15,cat,0.7490,0.6961,12.7091
1763166411.1177397,104,2,0,person,0.4029,,-0.0517
1763166411.2163334,105,1,15,cat,0.7490,,12.7091
1763166411.2163334,105,2,0,person,0.4029,,-0.0517
1763166411.2961187,106,1,15,cat,0.7490,,12.7091
1763166411.2961187,106,2,0,person,0.3940,-0.1117,-0.3618
1763166411.4869194,107,1,15,cat,0.7490,,12.7091
1763166411.4869194,107,2,0,person,0.3940,,-0.3618
1763166411.6436996,108,1,15,cat,0.7490,,12.7091
1763166411.6448004,108,2,0,person,0.3928,-0.0079,-0.2584
1763166411.7649343,109,1,15,cat,0.7490,,12.7091
1763166411.7659478,109,2,0,person,0.3928,,-0.2584
1763166411.8599765,110,1,15,cat,0.7490,,12.7091
1763166411.860975,110,2,0,person,0.3972,0.0461,-0.6202
1763166411.993277,111,1,15,cat,0.7490,,12.7091
1763166411.993277,111,2,0,person,0.4016,0.0338,-0.8786
1763166412.1071093,112,1,15,cat,0.5170,-2.0378,-5.0522
1763166412.1071093,112,2,0,person,0.4029,0.0114,-0.8786
1763166412.1892107,113,1,15,cat,0.5170,,-5.0522
1763166412.1892107,113,2,0,person,0.3984,-0.0549,-0.6202
1763166412.2933767,114,1,15,cat,0.5170,,-5.0522
1763166412.29439,114,2,0,person,0.4157,0.1641,-2.0666
1763166412.381484,115,1,15,cat,0.5170,,-5.0522
1763166412.381484,115,2,0,person,0.3972,-0.2128,-0.5169
1763166412.4885511,116,1,15,cat,0.5738,0.5299,-7.6555
1763166412.4895494,116,2,0,person,0.4527,0.5136,-4.3848
1763166412.6154513,117,1,15,cat,0.5199,-0.4241,-4.7957
1763166412.6154513,117,2,0,person,0.4391,-0.1076,-3.2013
1763166412.7134218,118,1,15,cat,0.5350,0.1537,-6.2805
1763166412.714441,118,2,0,person,0.4391,,-3.2013
1763166412.7934816,119,1,0,person,0.4796,-0.6914,-6.1784
1763166412.7934816,119,2,0,person,0.4391,,-3.2013
1763166412.879446,120,1,15,cat,0.5520,0.8422,-7.0963
1763166412.879446,120,2,0,person,0.5008,0.7180,-7.2998
1763166412.981925,121,1,0,person,0.4998,-0.5095,-6.6378
1763166412.981925,121,2,0,person,0.5008,,-7.2998
1763166413.1029003,122,1,0,person,0.4998,,-6.6378
1763166413.1039135,122,2,0,person,0.5008,,-7.2998
1763166413.1896682,123,1,15,cat,0.8103,3.5783,5.9740
1763166413.1906672,123,2,15,cat,0.4521,-0.5619,-0.7753
1763166413.2774627,124,1,15,cat,0.8103,,5.9740
1763166413.2774627,124,2,15,cat,0.4521,,-0.7753
1763166413.3979993,125,1,15,cat,0.5621,-2.0590,-7.5539
1763166413.3990636,125,2,0,person,0.4075,-0.3663,-1.2403
1763166413.4949355,126,1,15,cat,0.5621,,-7.5539
1763166413.4959426,126,2,0,person,0.4075,,-1.2403
1763166413.6430447,127,1,0,person,0.4697,-0.6240,-4.1792
1763166413.6430447,127,2,0,person,0.4075,,-1.2403
1763166413.7476563,128,1,0,person,0.4697,,-4.1792
1763166413.7486818,128,2,0,person,0.4075,,-1.2403
1763166413.8951476,129,1,0,person,0.4697,,-4.1792
1763166413.8951476,129,2,0,person,0.4075,,-1.2403
1763166414.0090954,130,1,15,cat,0.6860,1.8978,-11.8208
1763166414.0101233,130,2,0,person,0.4075,,-1.2403
1763166414.097575,131,1,15,cat,0.6894,0.0386,-11.8208
1763166414.097575,131,2,0,person,0.4075,,-1.2403
1763166414.1864338,132,1,15,cat,0.6894,,-11.8208
1763166414.1874485,132,2,0,person,0.4075,,-1.2403
1763166414.2825413,133,1,15,cat,0.6894,,-11.8208
1763166414.283562,133,2,0,person,0.4075,,-1.2403
1763166414.3800662,134,1,15,cat,0.6894,,-11.8208
1763166414.3810785,134,2,0,person,0.4075,,-1.2403
1763166414.47253,135,1,15,cat,0.8175,1.3856,-15.0952
1763166414.47253,135,2,0,person,0.4075,,-1.2403
1763166414.5618677,136,1,15,cat,0.8248,0.0817,-15.1434
1763166414.5618677,136,2,0,person,0.4075,,-1.2403
1763166414.6632965,137,1,15,cat,0.7634,-0.6048,-13.7377
1763166414.6632965,137,2,0,person,0.4075,,-1.2403
1763166414.7545629,138,1,0,person,0.6330,-1.4288,-12.4137
1763166414.7545629,138,2,0,person,0.4075,,-1.2403
1763166414.8471158,139,1,0,person,0.6330,,-12.4137
1763166414.8476374,139,2,0,person,0.4075,,-1.2403
1763166414.9358113,140,1,0,person,0.6330,,-12.4137
1763166414.9368234,140,2,0,person,0.4075,,-1.2403
1763166415.0356214,141,1,0,person,0.6330,,-12.4137
1763166415.0356214,141,2,0,person,0.4075,,-1.2403
1763166415.1236787,142,1,0,person,0.6330,,-12.4137
1763166415.1236787,142,2,0,person,0.4075,,-1.2403
1763166415.2209008,143,1,0,person,0.6330,,-12.4137
1763166415.2219136,143,2,0,person,0.4075,,-1.2403
1763166415.3176007,144,1,0,person,0.6330,,-12.4137
1763166415.3187659,144,2,0,person,0.4075,,-1.2403
1763166415.399515,145,1,0,person,0.6330,,-12.4137
1763166415.399515,145,2,0,person,0.4075,,-1.2403
1763166415.5106592,146,1,0,person,0.6330,,-12.4137
1763166415.5106592,146,2,0,person,0.4075,,-1.2403
1763166415.6217303,147,1,0,person,1.5988,8.6952,-23.5871
1763166415.6217303,147,2,0,person,0.4075,,-1.2403
1763166415.7410657,148,1,0,person,1.5988,,-23.5871
1763166415.7410657,148,2,0,person,0.4075,,-1.2403
1763166415.858887,149,1,0,person,1.5988,,-23.5871
1763166415.858887,149,2,0,person,0.4075,,-1.2403
1763166415.962263,150,1,0,person,1.5988,,-23.5871
1763166415.9632561,150,2,0,person,0.4075,,-1.2403
1763166416.0803647,151,1,0,person,1.5988,,-23.5871
1763166416.0803647,151,2,0,person,0.4075,,-1.2403
1763166416.1774516,152,1,0,person,1.5988,,-23.5871
1763166416.1774516,152,2,0,person,0.4075,,-1.2403
1763166416.294529,153,1,0,person,1.5988,,-23.5871
1763166416.2955341,153,2,0,person,0.4075,,-1.2403
1763166416.3933244,154,1,0,person,1.1441,-4.6025,-20.8413
1763166416.394316,154,2,15,cat,1.2483,8.5115,-20.6606
1763166416.4933212,155,1,0,person,1.1441,,-20.8413
1763166416.4933212,155,2,15,cat,1.2483,,-20.6606
1763166416.621584,156,1,0,person,1.1547,0.0826,-20.9316
1763166416.6225832,156,2,15,cat,1.2483,,-20.6606
1763166416.7514486,157,1,0,person,1.1547,,-20.9316
1763166416.7524517,157,2,15,cat,1.2483,,-20.6606
1763166416.8463302,158,1,0,person,1.1547,,-20.9316
1763166416.8463302,158,2,15,cat,1.2483,,-20.6606
1763166416.944789,159,1,0,person,1.1547,,-20.9316
1763166416.9458017,159,2,15,cat,1.2483,,-20.6606
1763166417.063065,160,1,0,person,1.1547,,-20.9316
1763166417.063065,160,2,15,cat,1.2483,,-20.6606
1763166417.0640645,160,3,0,person,1.0987,,0.3618
1763166417.1630237,161,1,0,person,1.1547,,-20.9316
1763166417.1630237,161,2,15,cat,1.2483,,-20.6606
1763166417.16402,161,3,0,person,1.0987,,0.3618
1763166417.271337,162,1,0,person,1.1547,,-20.9316
1763166417.271337,162,2,15,cat,1.2483,,-20.6606
1763166417.2723334,162,3,0,person,0.8370,-2.4169,8.4156
1763166417.3663316,163,1,0,person,1.1547,,-20.9316
1763166417.3673313,163,2,15,cat,1.2483,,-20.6606
1763166417.3673313,163,3,0,person,0.8398,0.0297,8.9712
1763166417.4911256,164,1,0,person,1.1547,,-20.9316
1763166417.4911256,164,2,15,cat,1.2483,,-20.6606
1763166417.4921205,164,3,0,person,0.9037,0.5120,2.2730
1763166417.594708,165,1,0,person,1.1547,,-20.9316
1763166417.5957205,165,2,15,cat,1.2483,,-20.6606
1763166417.5957205,165,3,0,person,0.7293,-1.6833,7.1981
1763166417.6825774,166,1,0,person,1.1547,,-20.9316
1763166417.6835835,166,2,15,cat,1.2483,,-20.6606
1763166417.6835835,166,3,0,person,0.7086,-0.2358,6.7907
1763166417.7920413,167,1,0,person,1.1547,,-20.9316
1763166417.7930427,167,2,59,bed,0.4357,-7.4237,-0.2067
1763166417.7930427,167,3,0,person,0.7086,,6.7907
1763166417.8852973,168,1,0,person,1.1547,,-20.9316
1763166417.8852973,168,2,59,bed,0.4357,,-0.2067
1763166417.8862963,168,3,0,person,0.6025,-1.1379,9.4245
1763166417.9813364,169,1,0,person,1.1547,,-20.9316
1763166417.9813364,169,2,59,bed,0.4357,,-0.2067
1763166417.9823306,169,3,0,person,0.6267,0.2522,9.6256
1763166418.1127958,170,1,0,person,1.1547,,-20.9316
1763166418.1143215,170,2,59,bed,0.4357,,-0.2067
1763166418.1143215,170,3,0,person,0.5924,-0.2594,9.3742
1763166418.202244,171,1,0,person,1.1547,,-20.9316
1763166418.202244,171,2,59,bed,0.4357,,-0.2067
1763166418.202244,171,3,0,person,0.6128,0.2318,9.2735
1763166418.2987168,172,1,0,person,1.1547,,-20.9316
1763166418.2997189,172,2,59,bed,0.4357,,-0.2067
1763166418.2997189,172,3,0,person,0.7046,0.9413,6.6888
1763166418.3879476,173,1,0,person,1.1547,,-20.9316
1763166418.3879476,173,2,59,bed,0.4357,,-0.2067
1763166418.388961,173,3,0,person,0.6346,-0.7835,9.8766
1763166418.489878,174,1,0,person,1.1547,,-20.9316
1763166418.489878,174,2,59,bed,0.4357,,-0.2067
1763166418.490862,174,3,0,person,0.8660,2.2706,4.7443
1763166418.6194782,175,1,0,person,1.1547,,-20.9316
1763166418.6194782,175,2,59,bed,0.4357,,-0.2067
1763166418.6194782,175,3,0,person,0.6174,-1.9334,10.8269
1763166418.7379284,176,1,0,person,1.1547,,-20.9316
1763166418.7379284,176,2,59,bed,0.4357,,-0.2067
1763166418.7389274,176,3,0,person,0.6251,0.0648,11.1756
1763166418.83024,177,1,0,person,1.1547,,-20.9316
1763166418.8307526,177,2,59,bed,0.4357,,-0.2067
1763166418.8307526,177,3,0,person,0.6251,,11.1756
1763166418.9127574,178,1,0,person,1.1547,,-20.9316
1763166418.9127574,178,2,59,bed,0.4357,,-0.2067
1763166418.91376,178,3,0,person,0.6251,,11.1756
1763166419.030042,179,1,0,person,1.1547,,-20.9316
1763166419.031039,179,2,59,bed,0.4357,,-0.2067
1763166419.031552,179,3,0,person,0.8940,2.2825,4.7957
1763166419.1161938,180,1,0,person,1.1547,,-20.9316
1763166419.1161938,180,2,59,bed,0.4357,,-0.2067
1763166419.1172056,180,3,0,person,0.9897,1.1182,5.2573
1763166419.2464283,181,1,0,person,1.1547,,-20.9316
1763166419.2464283,181,2,59,bed,0.4357,,-0.2067
1763166419.2464283,181,3,0,person,0.9897,,5.2573
1763166419.3428142,182,1,0,person,1.1547,,-20.9316
1763166419.3438282,182,2,59,bed,0.4357,,-0.2067
1763166419.3438282,182,3,0,person,0.9897,,5.2573
1763166419.4360392,183,1,0,person,1.1547,,-20.9316
1763166419.4370534,183,2,59,bed,0.4357,,-0.2067
1763166419.4370534,183,3,0,person,0.9897,,5.2573
1763166419.528351,184,1,0,person,1.1547,,-20.9316
1763166419.528351,184,2,59,bed,0.4357,,-0.2067
1763166419.5293467,184,3,0,person,0.9897,,5.2573
1763166419.6206028,185,1,0,person,1.1547,,-20.9316
1763166419.6216166,185,2,59,bed,0.4357,,-0.2067
1763166419.6216166,185,3,0,person,0.9897,,5.2573
1763166419.71962,186,1,0,person,1.1547,,-20.9316
1763166419.721133,186,2,59,bed,0.4357,,-0.2067
1763166419.721133,186,3,0,person,0.9897,,5.2573
1763166419.8066728,187,2,59,bed,0.4357,,-0.2067
1763166419.8066728,187,3,0,person,0.9897,,5.2573
1763166419.9123268,188,2,59,bed,0.4357,,-0.2067
1763166419.9133396,188,3,0,person,0.9897,,5.2573
1763166420.0265546,189,2,59,bed,0.4357,,-0.2067
1763166420.0270603,189,3,0,person,0.9897,,5.2573
1763166420.1181824,190,2,59,bed,0.4357,,-0.2067
1763166420.1191955,190,3,0,person,0.9897,,5.2573
1763166420.2632456,191,2,59,bed,0.4357,,-0.2067
1763166420.2632456,191,3,0,person,0.9897,,5.2573
1763166420.3692849,192,2,59,bed,0.4357,,-0.2067
1763166420.3692849,192,3,0,person,0.9897,,5.2573
1763166420.5090818,193,2,59,bed,0.4357,,-0.2067
1763166420.510079,193,3,0,person,0.9897,,5.2573
1763166420.64621,194,2,59,bed,0.4357,,-0.2067
1763166420.64621,194,3,0,person,0.9897,,5.2573
1763166420.7415519,195,2,59,bed,0.4357,,-0.2067
1763166420.7415519,195,3,0,person,0.9897,,5.2573
1763166420.8605669,196,2,59,bed,0.4357,,-0.2067
1763166420.8605669,196,3,0,person,0.9897,,5.2573
1763166420.9644752,197,2,59,bed,0.4357,,-0.2067
1763166420.9644752,197,3,0,person,2.1137,10.8167,4.2306
1763166421.082708,198,3,0,person,2.2470,1.1274,3.7677
1763166421.1674783,199,3,0,person,1.1991,-12.3613,-0.6202
1763166421.2682164,200,3,0,person,1.1991,,-0.6202
1763166421.3616068,201,3,0,person,1.1991,,-0.6202
1763166421.450593,202,3,0,person,0.7770,-4.7436,3.7677
1763166421.543757,203,3,0,person,0.7770,,3.5618
1763166421.6416173,204,3,0,person,1.0891,3.1898,-0.4652
1763166421.731911,205,3,0,person,0.7918,-3.2932,3.8706
1763166421.840939,206,3,0,person,0.9307,1.2736,1.6535
1763166421.9517114,207,3,0,person,0.9307,,1.6535
1763166422.051922,208,3,0,person,0.9307,,1.6535
1763166422.1630147,209,3,0,person,1.1235,1.7358,-1.4469
1763166422.2723868,210,3,0,person,1.0392,-0.7704,0.7236
1763166422.3771646,211,3,0,person,1.1441,1.0009,-1.0336
1763166422.5007539,212,3,0,person,1.1441,,-1.0336
1763166422.6144137,213,3,0,person,1.1441,,-1.0336
1763166422.7168295,214,3,0,person,1.1441,,-1.0336
1763166422.8396864,215,3,0,person,1.1441,,-1.0336
1763166422.9255803,216,3,0,person,1.2990,1.8038,2.2730
1763166423.0161421,217,3,0,person,1.2725,-0.2927,2.2730
1763166423.1204088,218,3,0,person,1.2725,,2.2730
1763166423.241284,219,3,0,person,1.2725,,2.2730
1763166423.3329206,220,3,0,person,1.2725,,2.2730
1763166423.4224737,221,3,0,person,1.2725,,2.2730
1763166423.5586524,222,3,0,person,1.2856,0.0963,0.6202
1763166423.6590426,223,3,0,person,1.2409,-0.4460,0.3618
1763166423.771876,224,3,0,person,1.2167,-0.2146,0.1551
1763166423.882549,225,3,0,person,1.2347,0.1633,-0.6202
1763166423.9788914,226,3,0,person,1.2347,,-0.6202
1763166424.0840442,227,3,0,person,1.2347,,-0.6202
1763166424.1754093,228,3,0,person,1.0939,-1.5411,-0.4135
1763166424.2599223,229,3,0,person,0.8845,-2.4786,2.1698
1763166424.260935,229,4,59,bed,0.4385,,-0.2067
1763166424.3744557,230,3,0,person,0.8908,0.0552,2.2730
1763166424.3744557,230,4,59,bed,0.4378,-0.0061,-0.1551
1763166424.3754702,230,5,25,umbrella,0.5565,,6.4847
1763166424.468508,231,3,0,person,1.0480,1.6714,-0.3101
1763166424.468508,231,4,59,bed,0.4392,0.0148,-0.3618
1763166424.4695058,231,5,25,umbrella,0.5565,,6.4847
1763166424.579214,232,3,0,person,1.0480,,-0.3101
1763166424.579214,232,4,59,bed,0.4364,-0.0250,-0.2584
1763166424.579214,232,5,25,umbrella,0.5565,,6.4847
1763166424.6867785,233,3,0,person,1.0480,,-0.3101
1763166424.6867785,233,4,59,bed,0.4364,,-0.2584
1763166424.6867785,233,5,25,umbrella,0.5565,,6.4847
1763166424.7841861,234,3,0,person,1.0480,,-0.3101
1763166424.78519,234,4,59,bed,0.4364,,-0.2584
1763166424.78519,234,5,25,umbrella,0.5565,,6.4847
1763166424.8849292,235,3,0,person,1.0436,-0.0435,-2.5310
1763166424.8849292,235,4,59,bed,0.4364,,-0.2584
1763166424.8849292,235,5,25,umbrella,0.5565,,6.4847
1763166424.9923356,236,3,0,person,1.0436,,-2.5310
1763166424.9923356,236,4,59,bed,0.4364,,-0.2584
1763166424.9933472,236,5,25,umbrella,0.5565,,6.4847
1763166425.080443,237,3,0,person,0.7535,-3.2921,1.9117
1763166425.080443,237,4,59,bed,0.4364,,-0.2584
1763166425.0814426,237,5,25,umbrella,0.5565,,6.4847
1763166425.1791275,238,3,0,person,0.7698,0.1650,1.7568
1763166425.180129,238,4,59,bed,0.4364,,-0.2584
1763166425.180129,238,5,25,umbrella,0.5565,,6.4847
1763166425.2634375,239,3,0,person,1.0987,3.9016,-2.5310
1763166425.2634375,239,4,59,bed,0.4364,,-0.2584
1763166425.2634375,239,5,25,umbrella,0.5565,,6.4847
1763166425.3611276,240,3,0,person,1.0987,,-2.6342
1763166425.3621085,240,4,59,bed,0.4364,,-0.2584
1763166425.3621085,240,5,0,person,0.7558,2.0201,1.7568
1763166425.454609,241,3,0,person,1.1389,0.4294,-2.4278
1763166425.454609,241,4,59,bed,0.4364,,-0.2584
1763166425.454609,241,5,0,person,0.7558,,1.7568
1763166425.544897,242,3,0,person,1.1135,-0.2816,-2.8920
1763166425.544897,242,4,59,bed,0.4364,,-0.2584
1763166425.545895,242,5,0,person,0.7558,,1.7568
1763166425.6460729,243,3,0,person,1.1135,,-2.8920
1763166425.6460729,243,4,59,bed,0.4364,,-0.2584
1763166425.6475837,243,5,0,person,0.7558,,1.7568
1763166425.7303562,244,3,0,person,1.1135,,-2.8920
1763166425.7303562,244,4,59,bed,0.4364,,-0.2584
1763166425.7323465,244,5,0,person,0.7558,,1.7568
1763166425.833516,245,3,0,person,1.1135,,-2.8920
1763166425.833516,245,4,59,bed,0.4364,,-0.2584
1763166425.833516,245,5,0,person,0.7558,,1.7568
1763166425.9211948,246,3,0,person,1.1135,,-2.8920
1763166425.9211948,246,4,59,bed,0.4364,,-0.2584
1763166425.9221926,246,5,0,person,0.7558,,1.7568
1763166426.0243046,247,3,0,person,1.1135,,-2.8920
1763166426.0253184,247,4,59,bed,0.4364,,-0.2584
1763166426.0253184,247,5,0,person,0.7558,,1.7568
1763166426.108918,248,3,0,person,1.1135,,-2.8920
1763166426.108918,248,4,59,bed,0.4364,,-0.2584
1763166426.108918,248,5,0,person,0.7558,,1.7568
1763166426.213183,249,3,0,person,1.2347,1.1631,-3.4073
1763166426.2141812,249,4,59,bed,0.4364,,-0.2584
1763166426.2141812,249,5,0,person,0.7558,,1.7568
1763166426.2992175,250,3,0,person,1.1765,-0.6770,-3.5103
1763166426.300231,250,4,59,bed,0.4364,,-0.2584
1763166426.300231,250,5,0,person,0.7558,,1.7568
1763166426.4044032,251,3,0,person,1.1441,-0.3078,-3.9221
1763166426.4044032,251,4,59,bed,0.4364,,-0.2584
1763166426.4054031,251,5,0,person,0.7558,,1.7568
1763166426.541307,252,3,0,person,1.1441,,-3.9221
1763166426.5423143,252,4,59,bed,0.4364,,-0.2584
1763166426.5428317,252,5,0,person,0.7558,,1.7568
1763166426.6245859,253,3,0,person,1.1441,,-3.9221
1763166426.6255808,253,4,59,bed,0.4364,,-0.2584
1763166426.6255808,253,5,0,person,0.8314,0.9134,0.1034
1763166426.7312334,254,3,0,person,1.1441,,-3.9221
1763166426.7312334,254,4,59,bed,0.4364,,-0.2584
1763166426.732214,254,5,0,person,0.8259,-0.0516,0.7236
1763166426.8432467,255,3,0,person,1.1441,,-3.9221
1763166426.8432467,255,4,59,bed,0.4364,,-0.2584
1763166426.8432467,255,5,0,person,0.8259,,0.7236
1763166426.947899,256,3,0,person,1.1441,,-3.9221
1763166426.947899,256,4,59,bed,0.4364,,-0.2584
1763166426.9489298,256,5,0,person,0.8259,,0.7236
1763166427.0350494,257,3,0,person,1.3704,2.5967,-4.5389
1763166427.03605,257,4,59,bed,0.4364,,-0.2584
1763166427.03605,257,5,0,person,0.8259,,0.7236
1763166427.1332657,258,3,0,person,1.3704,,-4.5389
1763166427.1342795,258,4,59,bed,0.4364,,-0.2584
1763166427.1342795,258,5,0,person,0.8259,,0.7236
1763166427.2237325,259,3,0,person,1.3704,,-4.5389
1763166427.2237325,259,4,59,bed,0.4364,,-0.2584
1763166427.224763,259,5,0,person,0.8259,,0.7236
1763166427.3156872,260,3,0,person,1.3704,,-4.5389
1763166427.31669,260,4,0,person,0.5967,1.7241,3.2013
1763166427.31669,260,5,0,person,0.8259,,0.7236
1763166427.426657,261,3,0,person,1.3704,,-4.5389
1763166427.4276724,261,4,0,person,0.6189,0.2001,1.2920
1763166427.4276724,261,5,0,person,0.8259,,0.7236
1763166427.5304503,262,3,0,person,1.3704,,-4.5389
1763166427.5304503,262,4,0,person,0.5580,-0.5927,0.4652
1763166427.5314765,262,5,0,person,0.8259,,0.7236
1763166427.6806302,263,3,0,person,1.3704,,-4.5389
1763166427.6806302,263,4,0,person,0.6616,0.6899,1.2920
1763166427.6816149,263,5,0,person,0.8259,,0.7236
1763166427.8101897,264,3,0,person,1.3704,,-4.5389
1763166427.8112035,264,4,0,person,0.4968,-1.2616,0.8269
1763166427.8112035,264,5,0,person,0.8259,,0.7236
1763166427.8975847,265,3,0,person,1.3704,,-4.5389
1763166427.8981197,265,4,0,person,0.5153,0.2126,2.7889
1763166427.8981197,265,5,0,person,0.8259,,0.7236
1763166428.0113063,266,3,0,person,1.3704,,-4.5389
1763166428.0123026,266,4,0,person,0.6759,1.4065,-1.3953
1763166428.0123026,266,5,0,person,0.8259,,0.7236
1763166428.1205509,267,3,0,person,1.3704,,-4.5389
1763166428.1215494,267,4,0,person,0.6796,0.0337,-1.1886
1763166428.1215494,267,5,0,person,0.8259,,0.7236
1763166428.2077656,268,3,0,person,1.3704,,-4.5389
1763166428.2087598,268,4,0,person,0.7026,0.2634,-1.6019
1763166428.2087598,268,5,0,person,0.8259,,0.7236
1763166428.3155866,269,3,0,person,1.3704,,-4.5389
1763166428.3166068,269,4,0,person,0.6928,-0.0905,-0.1034
1763166428.3166068,269,5,0,person,0.8259,,0.7236
1763166428.4432817,270,3,0,person,1.3704,,-4.5389
1763166428.4442651,270,4,0,person,0.6928,,-0.1034
1763166428.4442651,270,5,0,person,0.8259,,0.7236
1763166428.5513315,271,3,0,person,1.3704,,-4.5389
1763166428.5513315,271,4,0,person,0.6928,,-0.1034
1763166428.5523226,271,5,0,person,0.8259,,0.7236
1763166428.6573176,272,3,0,person,1.3704,,-4.5389
1763166428.658332,272,4,0,person,0.6928,,-0.1034
1763166428.658332,272,5,0,person,0.8259,,0.7236
1763166428.7699213,273,3,0,person,1.3704,,-4.5389
1763166428.7709396,273,4,0,person,0.5760,-1.0373,-10.5774
1763166428.7709396,273,5,0,person,0.8259,,0.7236
1763166428.8823624,274,3,0,person,1.3704,,-4.5389
1763166428.8833694,274,4,0,person,0.6010,0.2222,3.9735
1763166428.8833694,274,5,0,person,0.8259,,0.7236
1763166428.991528,275,3,0,person,1.3704,,-4.5389
1763166428.991528,275,4,0,person,0.4192,-1.6810,-2.0150
1763166428.991528,275,5,0,person,0.8259,,0.7236
1763166429.104684,276,3,0,person,1.3704,,-4.5389
1763166429.105685,276,4,0,person,0.4527,0.2932,-3.8706
1763166429.105685,276,5,0,person,0.8259,,0.7236
1763166429.1942554,277,3,0,person,1.3704,,-4.5389
1763166429.195257,277,4,0,person,0.4345,-0.2025,-2.6858
1763166429.195257,277,5,0,person,0.8259,,0.7236
1763166429.296022,278,3,0,person,1.3704,,-4.5389
1763166429.296022,278,4,0,person,0.4422,0.0765,-3.0982
1763166429.296022,278,5,0,person,0.8259,,0.7236
1763166429.3854198,279,3,0,person,1.3704,,-4.5389
1763166429.3864324,279,4,0,person,0.6379,2.1642,6.6378
1763166429.3864324,279,5,0,person,0.8259,,0.7236
1763166429.483629,280,3,0,person,1.3704,,-4.5389
1763166429.4846492,280,4,0,person,0.4881,-1.5252,-5.6158
1763166429.4846492,280,5,0,person,0.8259,,0.7236
1763166429.5778122,281,3,0,person,1.3704,,-4.5389
1763166429.5778122,281,4,0,person,0.4778,-0.1104,-3.9221
1763166429.5788095,281,5,0,person,0.8259,,0.7236
1763166429.663129,282,3,0,person,1.3704,,-4.5389
1763166429.6641278,282,4,0,person,0.4778,,-3.9221
1763166429.6641278,282,5,0,person,0.8259,,0.7236
1763166429.766164,283,3,0,person,1.3704,,-4.5389
1763166429.7671735,283,4,0,person,0.4890,0.1091,-1.5502
1763166429.7671735,283,5,0,person,0.8259,,0.7236
1763166429.903905,284,3,0,person,1.3704,,-4.5389
1763166429.903905,284,4,0,person,0.6251,0.9950,3.9735
1763166429.903905,284,5,0,person,0.8259,,0.7236
1763166430.023399,285,3,0,person,1.3704,,-4.5389
1763166430.0244977,285,4,0,person,0.5694,-0.4616,4.8470
1763166430.1606054,286,3,0,person,1.3704,,-4.5389
1763166430.1606054,286,4,0,person,0.4760,-0.6866,3.5103
1763166430.2767549,287,3,0,person,1.3704,,-4.5389
1763166430.2777536,287,4,0,person,0.6143,1.1809,-0.3101
1763166430.3827825,288,4,0,person,0.4815,-1.2647,0.9303
1763166430.3837936,288,6,0,person,0.4049,,-1.1370
1763166430.494198,289,4,0,person,0.4815,,0.9303
1763166430.494198,289,6,0,person,0.4049,,-1.1370
1763166430.5963197,290,4,0,person,0.4815,,0.9303
1763166430.5963197,290,6,0,person,1.2108,7.8912,-21.3811
1763166430.6801505,291,4,0,person,0.4815,,0.9303
1763166430.6801505,291,6,0,person,1.2108,,-21.3811
1763166430.7947738,292,4,0,person,0.4815,,0.9303
1763166430.795787,292,6,0,person,1.2108,,-21.3811
1763166430.8946998,293,4,0,person,0.4815,,0.9303
1763166430.8946998,293,6,0,person,1.2108,,-21.3811
1763166430.9730978,294,4,0,person,0.4815,,0.9303
1763166430.9730978,294,6,0,person,1.2108,,-21.3811
1763166431.0891216,295,4,59,bed,0.4371,-0.3826,-0.2067
1763166431.0891216,295,6,0,person,1.2108,,-21.3811
1763166431.1993415,296,4,59,bed,0.4364,-0.0062,-0.2584
1763166431.200356,296,6,0,person,1.2108,,-21.3811
1763166431.2869065,297,4,59,bed,0.4385,0.0237,-0.3101
1763166431.2869065,297,6,0,person,1.2108,,-21.3811
1763166431.4007454,298,4,59,bed,0.4385,,-0.3101
1763166431.4017575,298,6,0,person,1.2108,,-21.3811
1763166431.5014546,299,4,0,person,0.4852,0.4642,4.0250
1763166431.5014546,299,6,0,person,1.2108,,-21.3811
1763166431.585907,300,4,0,person,0.4852,,4.0250
1763166431.58692,300,6,0,person,1.2108,,-21.3811
1763166431.6782813,301,4,0,person,0.4890,0.0412,5.6670
1763166431.6782813,301,6,0,person,1.2108,,-21.3811
1763166431.7924554,302,4,0,person,0.4619,-0.2380,4.4362
1763166431.7924554,302,6,0,person,1.2108,,-21.3811
1763166431.9000385,303,4,0,person,0.4733,0.1059,5.4110
1763166431.9000385,303,6,0,person,1.2108,,-21.3811
1763166431.9911163,304,4,0,person,0.4742,0.0099,5.2573
1763166431.9921205,304,6,0,person,1.2108,,-21.3811
1763166432.0877223,305,4,0,person,0.4742,,5.0522
1763166432.0877223,305,6,0,person,1.2108,,-21.3811
1763166432.088722,305,7,0,person,3.6679,,20.3886
1763166432.1830666,306,4,0,person,0.4760,0.0190,3.9221
1763166432.184066,306,6,0,person,1.2108,,-21.3811
1763166432.184066,306,7,0,person,3.6679,,20.3886
1763166432.2846503,307,4,0,person,0.4760,,4.3334
1763166432.2856636,307,6,0,person,1.2108,,-21.3811
1763166432.2856636,307,7,39,bottle,4.1989,5.2269,19.6585
1763166432.4343014,308,4,0,person,0.4778,0.0122,4.3334
1763166432.4343014,308,6,0,person,1.2108,,-21.3811
1763166432.4343014,308,7,39,bottle,4.2635,0.4346,19.8874
1763166432.555614,309,4,0,person,0.4751,-0.0225,4.3848
1763166432.555614,309,6,0,person,1.2108,,-21.3811
1763166432.555614,309,7,39,bottle,4.3989,1.1157,20.1611
1763166432.6828423,310,4,0,person,0.4760,0.0071,4.3334
1763166432.6838548,310,6,0,person,1.2108,,-21.3811
1763166432.6838548,310,7,39,bottle,4.3989,,20.1611
1763166432.811881,311,4,0,person,0.4843,0.0645,3.5618
1763166432.811881,311,6,0,person,1.2108,,-21.3811
1763166432.8128817,311,7,39,bottle,4.5431,1.1178,20.3431
1763166432.8128817,311,8,56,chair,0.5520,,-0.1034
1763166432.9176636,312,4,0,person,0.5018,0.1658,4.6930
1763166432.9176636,312,6,0,person,1.2108,,-21.3811
1763166432.9176636,312,7,39,bottle,4.5431,,20.3431
1763166432.9176636,312,8,56,chair,0.5520,,-0.1034
1763166433.029128,313,4,0,person,0.4871,-0.1319,5.3598
1763166433.0301092,313,6,0,person,1.2108,,-21.3811
1763166433.0301092,313,7,39,bottle,4.5431,,20.3431
1763166433.0301092,313,8,56,chair,0.5520,,-0.1034
1763166433.1390784,314,4,0,person,0.4852,-0.0172,6.1784
1763166433.1400814,314,6,0,person,1.2108,,-21.3811
1763166433.1400814,314,7,39,bottle,4.5431,,20.3431
1763166433.1400814,314,8,56,chair,0.5520,,-0.1034
1763166433.2312934,315,4,0,person,0.4662,-0.2065,5.3085
1763166433.232297,315,6,0,person,1.2108,,-21.3811
1763166433.232297,315,7,39,bottle,4.5431,,20.3431
1763166433.232297,315,8,56,chair,0.5520,,-0.1034
1763166433.325134,316,4,0,person,0.4662,,5.3085
1763166433.3261318,316,6,0,person,1.2108,,-21.3811
1763166433.3261318,316,7,39,bottle,4.5431,,20.3431
1763166433.3261318,316,8,56,chair,0.5520,,-0.1034
1763166433.3261318,316,9,0,person,1.5492,,10.6773
1763166433.4269707,317,4,0,person,0.4939,0.2720,6.7397
1763166433.4279845,317,6,0,person,1.2108,,-21.3811
1763166433.4279845,317,7,39,bottle,4.5431,,20.3431
1763166433.4279845,317,8,56,chair,0.5520,,-0.1034
1763166433.428984,317,9,0,person,1.5492,,10.6773
1763166433.5152278,318,4,0,person,0.4769,-0.1926,5.8205
1763166433.5162709,318,6,0,person,1.2108,,-21.3811
1763166433.5162709,318,7,39,bottle,4.5431,,20.3431
1763166433.5162709,318,8,56,chair,0.5520,,-0.1034
1763166433.5162709,318,9,0,person,1.5492,,10.6773
1763166433.607128,319,4,0,person,0.4470,-0.3255,4.1278
1763166433.608128,319,6,0,person,1.2108,,-21.3811
1763166433.608128,319,7,39,bottle,4.5431,,20.3431
1763166433.608128,319,8,56,chair,0.5520,,-0.1034
1763166433.6091282,319,9,0,person,1.5492,,10.6773
1763166433.7138205,320,4,0,person,0.4988,0.4860,6.8926
1763166433.7148206,320,6,0,person,1.2108,,-21.3811
1763166433.7148206,320,7,39,bottle,4.5431,,20.3431
1763166433.7148206,320,8,56,chair,0.5520,,-0.1034
1763166433.7148206,320,9,0,person,1.5492,,10.6773
1763166433.8191662,321,4,0,person,0.4890,-0.0928,6.1784
1763166433.8191662,321,6,0,person,1.2108,,-21.3811
1763166433.8191662,321,7,39,bottle,4.5431,,20.3431
1763166433.8201644,321,8,56,chair,0.5520,,-0.1034
1763166433.8201644,321,9,0,person,1.5492,,10.6773
1763166433.940964,322,4,0,person,0.4910,0.0158,6.4847
1763166433.9419775,322,7,39,bottle,4.5431,,20.3431
1763166433.9419775,322,8,56,chair,0.5520,,-0.1034
1763166433.9419775,322,9,0,person,1.5492,,10.6773
1763166434.036799,323,4,0,person,0.4949,0.0407,6.7907
1763166434.0378122,323,7,39,bottle,4.5431,,20.3431
1763166434.0378122,323,8,56,chair,0.5520,,-0.1034
1763166434.0378122,323,9,0,person,1.5492,,10.6773
1763166434.0388124,323,10,0,person,1.0939,,-20.3886
1763166434.143062,324,4,0,person,0.5008,0.0561,7.0963
1763166434.14406,324,7,39,bottle,4.5431,,20.3431
1763166434.14406,324,8,56,chair,0.5520,,-0.1034
1763166434.14406,324,9,0,person,1.5492,,10.6773
1763166434.1450615,324,10,0,person,1.0939,,-20.3886
1763166434.2569304,325,4,0,person,0.5080,0.0627,7.3507
1763166434.2579439,325,7,39,bottle,4.5431,,20.3431
1763166434.2589407,325,8,56,chair,0.5520,,-0.1034
1763166434.2589407,325,9,0,person,1.5492,,10.6773
1763166434.2589407,325,10,0,person,1.0939,,-20.3886
1763166434.3532107,326,4,0,person,0.5049,-0.0320,7.2998
1763166434.3532107,326,7,39,bottle,4.5431,,20.3431
1763166434.3547354,326,8,56,chair,0.5520,,-0.1034
1763166434.3547354,326,9,0,person,1.5492,,10.6773
1763166434.3547354,326,10,0,person,1.0797,-0.1483,-20.2522
1763166434.4566987,327,4,0,person,0.5399,0.3379,7.4015
1763166434.4577017,327,7,39,bottle,4.5431,,20.3431
1763166434.4577017,327,8,56,chair,0.5520,,-0.1034
1763166434.4577017,327,9,0,person,1.5492,,10.6773
1763166434.4586997,327,10,0,person,1.1547,0.7212,-20.9316
1763166434.582966,328,4,0,person,0.5240,-0.1258,7.9092
1763166434.5839655,328,7,39,bottle,4.5431,,20.3431
1763166434.5839655,328,8,56,chair,0.5520,,-0.1034
1763166434.5839655,328,9,0,person,1.5492,,10.6773
1763166434.5839655,328,10,0,person,1.1655,0.0861,-21.0217
1763166434.6964998,329,4,0,person,0.6083,0.7429,5.5646
1763166434.6964998,329,7,39,bottle,4.5431,,20.3431
1763166434.6974974,329,8,56,chair,0.5520,,-0.1034
1763166434.6974974,329,9,0,person,1.5492,,10.6773
1763166434.698009,329,10,0,person,1.0349,-1.1449,-19.7959
1763166434.698009,329,11,39,bottle,4.1989,,27.2940
1763166434.8016267,330,4,0,person,0.6412,0.3124,5.7182
1763166434.80263,330,7,39,bottle,4.5431,,20.3431
1763166434.80263,330,8,0,person,0.4109,-1.3426,-1.6019
1763166434.8036287,330,9,0,person,1.5492,,10.6773
1763166434.8036287,330,10,0,person,0.8098,-2.1315,-16.6730
1763166434.8036287,330,11,39,bottle,4.1989,,27.2940
1763166434.903791,331,4,0,person,0.6158,-0.2479,4.5903
1763166434.9049308,331,7,39,bottle,4.5431,,20.3431
1763166434.9049308,331,8,0,person,0.4109,,-1.6019
1763166434.9049308,331,9,0,person,1.5492,,10.6773
1763166434.9049308,331,10,0,person,0.8072,-0.0259,-16.4355
1763166434.905945,331,11,39,bottle,4.1989,,27.2940
1763166434.9948277,332,4,0,person,0.6651,0.5412,5.5134
1763166434.9948277,332,7,39,bottle,4.5431,,20.3431
1763166434.9958217,332,8,0,person,0.4109,,-1.6019
1763166434.9958217,332,9,0,person,1.5492,,10.6773
1763166434.9958217,332,10,0,person,0.8072,,-16.4355
1763166434.9958217,332,11,39,bottle,4.5431,3.8294,25.7633
1763166435.0892363,333,4,0,person,0.6616,-0.0374,5.2060
1763166435.0892363,333,7,39,bottle,4.5431,,20.3431
1763166435.0892363,333,8,0,person,0.4109,,-1.6019
1763166435.090239,333,9,0,person,1.5492,,10.6773
1763166435.090239,333,10,0,person,0.7918,-0.1628,-16.3404
1763166435.090239,333,11,39,bottle,4.7781,2.4888,25.5533
1763166435.1795304,334,4,0,person,0.6564,-0.0578,4.4362
1763166435.1805315,334,7,39,bottle,4.5431,,20.3431
1763166435.1805315,334,8,0,person,0.4109,,-1.6019
1763166435.1805315,334,9,0,person,1.5492,,10.6773
1763166435.1815307,334,10,0,person,0.7445,-0.5178,-15.3839
1763166435.1815307,334,11,39,bottle,4.7781,,25.2158
1763166435.2779136,335,4,0,person,0.9204,2.6833,10.8768
1763166435.2789085,335,7,39,bottle,4.5431,,20.3431
1763166435.2789085,335,8,0,person,0.4109,,-1.6019
1763166435.2789085,335,9,0,person,1.5492,,10.6773
1763166435.2789085,335,10,0,person,0.7581,0.1394,-15.6718
1763166435.279908,335,11,39,bottle,4.9487,1.7346,24.8764
1763166435.3730574,336,4,0,person,0.9743,0.5668,11.3247
1763166435.3740544,336,7,39,bottle,4.5431,,20.3431
1763166435.3740544,336,8,0,person,0.4383,0.2884,-3.4588
1763166435.3740544,336,9,0,person,1.5492,,10.6773
1763166435.3750548,336,10,0,person,0.7357,-0.2326,-15.1915
1763166435.3750548,336,11,39,bottle,4.8619,-0.9125,24.9189
1763166435.4697945,337,4,0,person,0.6478,-3.3746,5.3085
1763166435.4697945,337,7,39,bottle,4.5431,,20.3431
1763166435.4697945,337,8,0,person,0.4383,,-3.4588
1763166435.4707928,337,9,0,person,1.5492,,10.6773
1763166435.4707928,337,10,0,person,0.7943,0.6119,-16.3880
1763166435.4707928,337,11,39,bottle,4.8619,,25.0039
1763166435.471793,337,12,27,tie,3.5529,,-13.8840
1763166435.6033342,338,4,0,person,0.6445,-0.0251,5.2060
1763166435.6043367,338,7,39,bottle,4.5431,,20.3431
1763166435.6043367,338,8,0,person,0.4383,,-3.4588
1763166435.6043367,338,9,0,person,1.5492,,10.6773
1763166435.6053345,338,10,0,person,0.7994,0.0378,-16.4831
1763166435.6053345,338,11,39,bottle,4.8619,,24.9189
1763166435.6053345,338,12,27,tie,3.5529,,-13.8840
1763166435.7086613,339,4,0,person,0.6143,-0.2864,3.4073
1763166435.7086613,339,7,39,bottle,4.5431,,20.3431
1763166435.7096589,339,8,0,person,0.4383,,-3.4588
1763166435.7096589,339,9,0,person,1.5492,,10.6773
1763166435.7096589,339,10,0,person,0.8286,0.2800,-17.0044
1763166435.7096589,339,11,39,bottle,4.6971,-1.5798,24.1490
1763166435.710656,339,12,27,tie,3.5529,,-13.8840
1763166435.8199067,340,4,0,person,0.6267,0.1110,3.2013
1763166435.8209076,340,7,39,bottle,4.5431,,20.3431
1763166435.8209076,340,8,0,person,0.4383,,-3.4588
1763166435.8209076,340,9,0,person,1.5492,,10.6773
1763166435.8209076,340,10,0,person,0.8601,0.2825,-17.5229
1763166435.8219218,340,11,39,bottle,4.9487,2.2414,23.6739
1763166435.8219218,340,12,27,tie,3.5529,,-13.8840
1763166435.9242613,341,4,0,person,0.6189,-0.0745,2.9436
1763166435.9252613,341,7,39,bottle,4.5431,,20.3431
1763166435.9252613,341,8,0,person,0.4383,,-3.4588
1763166435.9252613,341,9,0,person,1.5492,,10.6773
1763166435.9252613,341,10,0,person,0.8630,0.0285,-17.5699
1763166435.9262614,341,11,39,bottle,4.8619,-0.8321,23.3697
1763166435.9262614,341,12,27,tie,3.5529,,-13.8840
1763166436.041774,342,4,0,person,0.6298,0.0931,2.4794
1763166436.041774,342,8,0,person,0.4383,,-3.4588
1763166436.041774,342,9,0,person,1.5492,,10.6773
1763166436.0427735,342,10,0,person,0.8813,0.1557,-17.8513
1763166436.0427735,342,11,39,bottle,4.4698,-3.3652,22.4488
1763166436.0427735,342,12,27,tie,3.5529,,-13.8840
1763166436.143723,343,4,0,person,0.6330,0.0314,2.3762
1763166436.143723,343,8,0,person,0.4383,,-3.4588
1763166436.1447163,343,9,0,person,1.5492,,10.6773
1763166436.1447163,343,10,0,person,0.8908,0.0926,-17.9917
1763166436.1447163,343,11,39,bottle,4.2635,-2.0237,22.1390
1763166436.1447163,343,12,27,tie,3.5529,,-13.8840
1763166436.2264736,344,4,0,person,0.6445,0.1384,2.2214
1763166436.2264736,344,8,0,person,0.4383,,-3.4588
1763166436.2264736,344,9,0,person,1.5492,,10.6773
1763166436.2274818,344,10,0,person,0.9136,0.2760,-18.3184
1763166436.2274818,344,11,39,bottle,4.9487,8.2789,21.2914
1763166436.2274818,344,12,27,tie,3.5529,,-13.8840
1763166436.3446674,345,4,0,person,0.6705,0.2199,2.0666
1763166436.3446674,345,8,0,person,0.4383,,-3.4588
1763166436.3446674,345,9,0,person,1.5492,,10.6773
1763166436.345668,345,10,0,person,0.9272,0.1149,-18.5045
1763166436.345668,345,11,39,bottle,4.8619,-0.7346,20.5247
1763166436.345668,345,12,27,tie,3.5529,,-13.8840
1763166436.4308465,346,4,0,person,0.6723,0.0210,1.8084
1763166436.4318454,346,8,0,person,0.4383,,-3.4588
1763166436.4318454,346,9,0,person,1.5492,,10.6773
1763166436.4318454,346,10,0,person,0.9204,-0.0794,-18.4115
1763166436.4318454,346,11,39,bottle,4.6188,-2.8209,20.3886
1763166436.432843,346,12,27,tie,3.5529,,-13.8840
1763166436.5433035,347,4,0,person,0.6890,0.1486,1.8601
1763166436.5433035,347,8,0,person,0.4383,,-3.4588
1763166436.544304,347,10,0,person,0.9070,-0.1190,-18.2252
1763166436.544304,347,11,39,bottle,4.8619,2.1616,20.5247
1763166436.544304,347,12,27,tie,3.5529,,-13.8840
1763166436.5453029,347,13,65,remote,4.3989,,-4.1792
1763166436.6451159,348,4,0,person,0.6815,-0.0740,2.1698
1763166436.6451159,348,8,0,person,0.4383,,-3.4588
1763166436.6461134,348,10,0,person,0.8940,-0.1277,-18.0384
1763166436.6461134,348,11,39,bottle,4.9487,0.8528,20.9316
1763166436.6461134,348,12,27,tie,3.5529,,-13.8840
1763166436.6461134,348,13,65,remote,4.3989,,-4.1792
1763166436.7671962,349,4,0,person,0.6741,-0.0603,1.8601
1763166436.7671962,349,8,0,person,0.4383,,-3.4588
1763166436.7682197,349,10,0,person,0.8845,-0.0779,-17.8981
1763166436.7682197,349,11,39,bottle,4.6971,-2.0607,20.8865
1763166436.7682197,349,12,27,tie,3.5529,,-13.8840
1763166436.7682197,349,13,65,remote,4.3989,,-4.1792
1763166436.8516762,350,4,0,person,0.6928,0.2216,2.5826
1763166436.8516762,350,8,0,person,0.4383,,-3.4588
1763166436.852675,350,10,0,person,0.8601,-0.2889,-17.5229
1763166436.852675,350,11,39,bottle,4.9487,2.9794,21.5602
1763166436.852675,350,12,27,tie,3.5529,,-13.8840
1763166436.852675,350,13,65,remote,4.3989,,-4.1792
1763166436.954325,351,4,0,person,0.6705,-0.2177,2.2730
1763166436.954325,351,8,0,person,0.4383,,-3.4588
1763166436.9553204,351,10,0,person,0.8571,-0.0288,-17.4759
1763166436.9553204,351,11,39,bottle,4.9487,,21.6495
1763166436.9553204,351,12,27,tie,3.5529,,-13.8840
1763166436.9553204,351,13,65,remote,4.3989,,-4.1792
1763166437.0401688,352,4,0,person,0.6815,0.1280,1.7568
1763166437.0401688,352,8,0,person,0.4383,,-3.4588
1763166437.0411687,352,10,0,person,0.8512,-0.0681,-17.3818
1763166437.0411687,352,11,39,bottle,5.1320,2.1350,21.7388
1763166437.0411687,352,12,27,tie,3.5529,,-13.8840
1763166437.0411687,352,13,65,remote,4.3989,,-4.1792
1763166437.139187,353,4,0,person,0.6815,,1.7568
1763166437.139187,353,8,0,person,0.4383,,-3.4588
1763166437.140185,353,10,0,person,0.8512,,-17.3818
1763166437.1411867,353,11,39,bottle,5.0387,-0.9329,21.6942
1763166437.142186,353,12,27,tie,3.5529,,-13.8840
1763166437.142186,353,13,65,remote,4.3989,,-4.1792
1763166437.2239075,354,4,0,person,0.6871,0.0665,2.0150
1763166437.2239075,354,8,0,person,0.4383,,-3.4588
1763166437.2249045,354,10,0,person,0.8455,-0.0681,-17.2876
1763166437.2249045,354,11,39,bottle,5.1320,1.1146,21.9169
1763166437.2249045,354,12,27,tie,3.5529,,-13.8840
1763166437.2249045,354,13,65,remote,4.3989,,-4.1792
1763166437.3218145,355,4,0,person,0.6986,0.1179,1.8084
1763166437.322814,355,8,0,person,0.4383,,-3.4588
1763166437.322814,355,10,0,person,0.8426,-0.0292,-17.2405
1763166437.322814,355,11,39,bottle,5.1320,,22.0059
1763166437.322814,355,12,27,tie,3.5529,,-13.8840
1763166437.3238127,355,13,65,remote,4.3989,,-4.1792
1763166437.4216733,356,4,0,person,0.6967,-0.0195,1.8601
1763166437.4216733,356,8,0,person,0.4383,,-3.4588
1763166437.4226701,356,10,0,person,0.8398,-0.0284,-17.1933
1763166437.4226701,356,11,39,bottle,5.0387,-0.9344,22.0503
1763166437.4226701,356,12,27,tie,3.5529,,-13.8840
1763166437.4226701,356,13,65,remote,4.3989,,-4.1792
1763166437.5065608,357,4,0,person,0.6723,-0.2876,2.3246
1763166437.5075607,357,8,0,person,0.4383,,-3.4588
1763166437.5075607,357,10,0,person,0.8314,-0.0989,-17.0517
1763166437.5075607,357,11,39,bottle,5.1320,1.0992,22.1834
1763166437.5075607,357,12,27,tie,3.5529,,-13.8840
1763166437.5085607,357,13,65,remote,4.3989,,-4.1792
1763166437.5988586,358,4,0,person,0.6815,0.0995,2.2730
1763166437.5988586,358,8,0,person,0.4383,,-3.4588
1763166437.5998702,358,10,0,person,0.8151,-0.1766,-16.7678
1763166437.5998702,358,11,39,bottle,5.0387,-1.0108,22.2277
1763166437.5998702,358,12,27,tie,3.5529,,-13.8840
1763166437.600868,358,13,65,remote,4.3989,,-4.1792
1763166437.7064822,359,4,0,person,0.6796,-0.0173,2.5310
1763166437.7064822,359,8,0,person,0.4383,,-3.4588
1763166437.7074804,359,10,0,person,0.8286,0.1258,-17.0044
1763166437.7074804,359,11,39,bottle,5.1320,0.8671,22.3604
1763166437.7074804,359,12,27,tie,3.5529,,-13.8840
1763166437.7074804,359,13,65,remote,4.3989,,-4.1792
1763166437.8187869,360,4,0,person,0.6687,-0.0973,2.2214
1763166437.8187869,360,8,0,person,0.4383,,-3.4588
1763166437.819786,360,10,0,person,0.8178,-0.0968,-16.8152
1763166437.819786,360,11,39,bottle,5.0387,-0.8308,22.4929
1763166437.819786,360,12,27,tie,3.5529,,-13.8840
1763166437.819786,360,13,65,remote,4.3989,,-4.1792
1763166437.9168115,361,4,0,person,0.6687,,2.3246
1763166437.9178119,361,8,0,person,0.4383,,-3.4588
1763166437.9178119,361,10,0,person,0.8098,-0.0813,-16.6730
1763166437.9178119,361,11,39,bottle,5.1320,0.9519,22.5370
1763166437.9178119,361,12,27,tie,3.5529,,-13.8840
1763166437.9188106,361,13,65,remote,4.3989,,-4.1792
1763166438.0161247,362,4,0,person,0.6759,0.0730,2.4278
1763166438.017123,362,8,0,person,0.4383,,-3.4588
1763166438.017123,362,10,0,person,0.8204,0.1073,-16.8625
1763166438.017123,362,11,39,bottle,5.1320,,22.5370
1763166438.018108,362,12,27,tie,3.5529,,-13.8840
1763166438.018108,362,13,65,remote,4.3989,,-4.1792
1763166438.1358764,363,4,0,person,0.6633,-0.1051,2.2730
1763166438.1358764,363,8,0,person,0.4383,,-3.4588
1763166438.1368768,363,10,0,person,0.8020,-0.1542,-16.5306
1763166438.1368768,363,11,39,bottle,5.0387,-0.7792,22.5811
1763166438.1368768,363,12,27,tie,3.5529,,-13.8840
1763166438.1378846,363,13,65,remote,4.3989,,-4.1792
1763166438.2220364,364,4,0,person,0.6687,0.0619,2.2214
1763166438.2220364,364,8,0,person,0.4383,,-3.4588
1763166438.2220364,364,10,0,person,0.8484,0.5445,-17.3347
1763166438.2230563,364,11,39,bottle,5.0387,,22.5811
1763166438.2230563,364,12,27,tie,3.5529,,-13.8840
1763166438.2230563,364,13,65,remote,4.3989,,-4.1792
1763166438.3250818,365,4,0,person,0.6687,,2.1182
1763166438.3250818,365,8,0,person,0.4383,,-3.4588
1763166438.3250818,365,10,0,person,0.8751,0.2600,-17.7576
1763166438.3260806,365,11,39,bottle,5.1320,0.9057,22.5370
1763166438.3260806,365,12,27,tie,3.5529,,-13.8840
1763166438.3260806,365,13,65,remote,4.3989,,-4.1792
1763166438.4159548,366,4,0,person,0.6616,-0.0781,2.1182
1763166438.4169557,366,8,0,person,0.4383,,-3.4588
1763166438.4169557,366,10,0,person,0.8972,0.2398,-18.0852
1763166438.4179566,366,11,39,bottle,5.2288,1.0539,22.4929
1763166438.4179566,366,12,27,tie,3.5529,,-13.8840
1763166438.4179566,366,13,65,remote,4.3989,,-4.1792
1763166438.5061567,367,4,0,person,0.6581,-0.0387,2.1182
1763166438.5071523,367,10,0,person,0.8972,,-18.0852
1763166438.5071523,367,11,39,bottle,5.2288,,22.4929
1763166438.5081518,367,12,27,tie,3.5529,,-13.8840
1763166438.5081518,367,13,56,chair,3.8490,-6.0963,-2.6858
1763166438.6015785,368,4,0,person,0.6598,0.0182,2.1698
1763166438.6015785,368,10,0,person,0.8876,-0.1014,-17.9449
1763166438.6015785,368,11,39,bottle,5.1320,-1.0255,22.4488
1763166438.6025746,368,13,56,chair,3.8490,,-2.6858
1763166438.6942344,369,4,0,person,0.6616,0.0189,2.2214
1763166438.6952415,369,10,0,person,0.8782,-0.1001,-17.8045
1763166438.6952415,369,11,39,bottle,5.2288,1.0338,22.4929
1763166438.696232,369,13,56,chair,3.8490,,-2.6858
1763166438.7948384,370,4,0,person,0.6651,0.0351,2.3246
1763166438.7948384,370,10,0,person,0.8782,,-17.8045
1763166438.7958376,370,11,39,bottle,5.1320,-0.9626,22.4488
1763166438.7958376,370,13,56,chair,3.8490,,-2.6858
1763166438.9175062,371,4,0,person,0.6669,0.0145,2.1698
1763166438.9180152,371,10,0,person,0.8690,-0.0745,-17.6638
1763166438.9180152,371,11,39,bottle,5.0387,-0.7637,22.4929
1763166438.9180152,371,13,56,chair,3.8490,,-2.6858
1763166439.0056217,372,4,0,person,0.6512,-0.1778,2.1182
1763166439.0056217,372,10,0,person,0.8286,-0.4614,-17.0044
1763166439.0056217,372,11,39,bottle,5.2288,2.1704,22.5811
1763166439.0066168,372,13,56,chair,3.8490,,-2.6858
1763166439.0982234,373,4,0,person,0.6633,0.1309,2.1698
1763166439.0982234,373,10,0,person,0.8286,,-17.0044
1763166439.0992458,373,11,39,bottle,5.1320,-1.0342,22.6251
1763166439.0992458,373,13,56,chair,3.8490,,-2.6858
1763166439.1888902,374,4,0,person,0.6546,-0.0960,2.1182
1763166439.189883,374,10,0,person,0.8286,,-17.0044
1763166439.189883,374,11,39,bottle,5.0387,-1.0295,22.6692
1763166439.189883,374,13,56,chair,3.8490,,-2.6858
1763166439.3013058,375,4,0,person,0.6564,0.0153,1.9633
1763166439.3023248,375,10,0,person,0.8455,0.1499,-17.2876
1763166439.3023248,375,11,39,bottle,5.0387,,22.6692
1763166439.3023248,375,13,56,chair,3.8490,,-2.6858
1763166439.4128797,376,4,0,person,0.6546,-0.0154,2.2214
1763166439.4128797,376,10,0,person,0.8124,-0.2989,-16.7204
1763166439.4138777,376,11,39,bottle,5.1320,0.8365,22.6251
1763166439.4138777,376,13,56,chair,3.8490,,-2.6858
1763166439.5096796,377,4,0,person,0.6495,-0.0528,1.9633
1763166439.5096796,377,10,0,person,0.8398,0.2826,-17.1933
1763166439.5096796,377,11,39,bottle,5.0387,-0.9740,22.5811
1763166439.5112085,377,13,56,chair,3.8490,,-2.6858
1763166439.5929449,378,4,0,person,0.6529,0.0408,2.2730
1763166439.5939465,378,10,0,person,0.8601,0.2406,-17.5229
1763166439.5939465,378,11,39,bottle,5.1320,1.1073,22.6251
1763166439.5949428,378,13,56,chair,3.8490,,-2.6858
1763166439.704169,379,4,0,person,0.6546,0.0154,2.2214
1763166439.704169,379,10,0,person,0.8630,0.0270,-17.5699
1763166439.704169,379,11,39,bottle,5.0387,-0.8466,22.6692
1763166439.705155,379,13,56,chair,3.8490,,-2.6858
1763166439.822758,380,4,0,person,0.6495,-0.0431,2.1698
1763166439.822758,380,10,0,person,0.8782,0.1281,-17.8045
1763166439.8237545,380,11,39,bottle,5.2288,1.5900,22.7571
1763166439.8237545,380,13,56,chair,3.7963,-0.4446,-2.4278
1763166439.912274,381,4,0,person,0.6581,0.0957,2.3246
1763166439.9132884,381,10,0,person,0.8908,0.1386,-17.9917
1763166439.9132884,381,11,39,bottle,5.2288,,22.7571
1763166439.9137976,381,13,56,chair,3.7963,,-2.4278
1763166440.0165741,382,4,0,person,0.6598,0.0167,2.3762
1763166440.0165741,382,10,0,person,0.8908,,-17.9917
1763166440.0175653,382,11,39,bottle,5.1320,-0.9286,22.8011
1763166440.0175653,382,13,56,chair,3.7963,,-2.4278
1763166440.1296146,383,4,0,person,0.6669,0.0624,2.1698
1763166440.130657,383,10,0,person,0.8972,0.0562,-17.9917
1763166440.130657,383,11,39,bottle,5.1320,,22.8011
1763166440.131637,383,13,56,chair,3.7963,,-2.4278
1763166440.2408488,384,4,0,person,0.6687,0.0161,2.4278
1763166440.2418385,384,10,0,person,0.9037,0.0585,-18.1785
1763166440.2418385,384,11,39,bottle,5.1320,,22.8011
1763166440.242841,384,13,56,chair,3.7963,,-2.4278
1763166440.3418076,385,4,0,person,0.6633,-0.0528,2.2730
1763166440.342823,385,10,0,person,0.9037,,-18.1785
1763166440.342823,385,11,39,bottle,5.2288,0.9589,22.7571
1763166440.3438213,385,13,56,chair,3.7963,,-2.4278
1763166440.4282799,386,4,0,person,0.6564,-0.0807,2.0666
1763166440.4292731,386,10,0,person,0.9004,-0.0377,-18.1319
1763166440.4292731,386,11,39,bottle,5.1320,-1.1201,22.8011
1763166440.4292731,386,13,56,chair,3.7963,,-2.4278
1763166440.5302348,387,4,0,person,0.6723,0.1562,2.5310
1763166440.5302348,387,10,0,person,0.8845,-0.1581,-17.8981
1763166440.5302348,387,11,39,bottle,5.0387,-0.9242,22.7571
1763166440.5312357,387,13,56,chair,3.7963,,-2.4278
1763166440.6199923,388,4,0,person,0.6871,0.1651,2.9436
1763166440.6210022,388,10,0,person,0.8721,-0.1363,-17.7107
1763166440.6210022,388,11,39,bottle,5.1320,1.0280,22.8889
1763166440.6210022,388,13,56,chair,3.7963,,-2.4278
1763166440.7063265,389,4,0,person,0.6948,0.0887,3.3558
1763166440.7063265,389,10,0,person,0.8813,0.1083,-17.8513
1763166440.7073195,389,11,39,bottle,5.1320,,22.9765
1763166440.7073195,389,13,56,chair,3.7963,,-2.4278
1763166440.812361,390,4,0,person,0.7106,0.1493,3.2528
1763166440.812361,390,10,0,person,1.0180,1.2892,-19.6127
1763166440.812361,390,11,39,bottle,5.1320,,23.1516
1763166440.8133574,390,13,56,chair,3.7963,,-2.4278
1763166440.9209495,391,4,0,person,0.6986,-0.1100,3.1497
1763166440.9209495,391,10,0,person,1.0180,,-19.6127
1763166440.9219494,391,11,39,bottle,5.1320,,23.1516
1763166440.9219494,391,13,56,chair,3.7963,,-2.4278
1763166441.0439365,392,4,0,person,0.6909,-0.0629,2.8405
1763166441.0449338,392,10,0,person,1.2471,1.8475,-21.6495
1763166441.0449338,392,11,39,bottle,5.0387,-0.7587,23.1952
1763166441.0449338,392,13,56,chair,3.7963,,-2.4278
1763166441.1357129,393,4,0,person,0.6669,-0.2617,1.8601
1763166441.1367118,393,10,0,person,1.2471,,-21.6495
1763166441.1367118,393,11,39,bottle,5.0387,,23.1078
1763166441.1367118,393,13,56,chair,3.7963,,-2.4278
1763166441.2250593,394,4,0,person,0.6741,0.0807,1.8601
1763166441.2250593,394,10,0,person,1.2471,,-21.6495
1763166441.226059,394,11,39,bottle,5.0387,,23.1078
1763166441.226059,394,13,56,chair,3.7963,,-2.4278
1763166441.3130317,395,4,0,person,0.6796,0.0626,1.6019
1763166441.3140109,395,10,0,person,1.2471,,-21.6495
1763166441.3140109,395,11,39,bottle,5.1320,1.0609,23.1516
1763166441.3150063,395,13,56,chair,3.7963,,-2.4278
1763166441.4090185,396,4,0,person,0.6598,-0.2060,0.8269
1763166441.4090185,396,10,0,person,1.2471,,-21.6495
1763166441.4100103,396,11,39,bottle,5.1320,,23.1516
1763166441.4100103,396,13,56,chair,3.7963,,-2.4278
1763166441.5186517,397,4,0,person,0.6581,-0.0159,0.8786
1763166441.5196433,397,10,0,person,1.2471,,-21.6495
1763166441.5196433,397,11,39,bottle,5.1320,,23.1516
1763166441.5196433,397,13,56,chair,3.7963,,-2.4278
1763166441.6404054,398,4,0,person,0.6363,-0.1792,-0.1034
1763166441.641418,398,10,0,person,1.2471,,-21.6495
1763166441.641418,398,11,39,bottle,5.5426,3.3715,23.3261
1763166441.6424186,398,13,56,chair,3.7963,,-2.4278
1763166441.7691245,399,4,0,person,0.7423,0.8238,2.6858
1763166441.7691245,399,10,0,person,1.2471,,-21.6495
1763166441.7691245,399,11,39,bottle,5.3294,-1.6693,23.1516
1763166441.7701545,399,13,56,chair,3.7963,,-2.4278
1763166441.9061394,400,4,0,person,0.6598,-0.6020,0.1034
1763166441.907153,400,10,0,person,1.2471,,-21.6495
1763166441.907153,400,11,39,bottle,5.1320,-1.4300,23.1516
1763166441.9081595,400,13,56,chair,3.7963,,-2.4278
1763166442.0301542,401,4,0,person,0.6314,-0.2290,-0.0517
1763166442.0301542,401,10,0,person,1.2471,,-21.6495
1763166442.0311546,401,11,39,bottle,5.1320,,23.1516
1763166442.0311546,401,13,56,chair,3.7963,,-2.4278
1763166442.175221,402,4,0,person,0.6581,0.1838,0.5685
1763166442.1762202,402,10,0,person,1.2471,,-21.6495
1763166442.1762202,402,11,39,bottle,5.1320,,23.1516
1763166442.1772194,402,13,56,chair,3.7963,,-2.4278
1763166442.3077176,403,4,0,person,0.6598,0.0131,0.6202
1763166442.3077176,403,10,0,person,1.2471,,-21.6495
1763166442.3092427,403,11,39,bottle,5.0387,-0.7015,23.0203
1763166442.3092427,403,13,56,chair,3.7963,,-2.4278
1763166442.4192677,404,4,0,person,0.6598,,0.6202
1763166442.4202676,404,10,0,person,1.2471,,-21.6495
1763166442.4202676,404,11,39,bottle,5.0387,,23.1952
1763166442.4202676,404,13,56,chair,3.7963,,-2.4278
1763166442.5499163,405,4,0,person,0.5605,-0.7604,-1.0853
1763166442.5509024,405,10,0,person,1.2471,,-21.6495
1763166442.5509024,405,11,39,bottle,5.2288,1.4555,23.4567
1763166442.5509024,405,13,56,chair,3.7963,,-2.4278
1763166442.6597092,406,4,0,person,0.6759,1.0514,1.3953
1763166442.6597092,406,10,0,person,1.2471,,-21.6495
1763166442.6607075,406,11,39,bottle,5.2288,,23.4567
1763166442.6607075,406,13,56,chair,3.7963,,-2.4278
1763166442.7751462,407,4,0,person,0.6723,-0.0316,1.3953
1763166442.7761455,407,10,0,person,1.2471,,-21.6495
1763166442.7761455,407,11,39,bottle,5.1320,-0.8388,23.4132
1763166442.7761455,407,13,56,chair,3.7963,,-2.4278
1763166442.87066,408,4,0,person,0.6445,-0.2910,1.4986
1763166442.8716724,408,10,0,person,1.2471,,-21.6495
1763166442.8716724,408,11,39,bottle,5.1320,,23.6739
1763166442.8716724,408,13,56,chair,3.7963,,-2.4278
1763166443.0019023,409,4,0,person,0.6346,-0.0750,1.6019
1763166443.0028994,409,10,0,person,1.2471,,-21.6495
1763166443.0028994,409,11,39,bottle,5.0387,-0.7111,23.8038
1763166443.0039053,409,13,56,chair,3.7963,,-2.4278
1763166443.0039053,409,14,56,chair,1.7765,,-20.5700
1763166443.1154268,410,4,0,person,0.5458,-0.7829,-2.5310
1763166443.1154268,410,10,0,person,1.2471,,-21.6495
1763166443.1164246,410,11,39,bottle,5.0387,,23.8038
1763166443.1164246,410,13,56,chair,3.7963,,-2.4278
1763166443.1174226,410,14,56,chair,1.7765,,-20.5700
1763166443.2155561,411,4,0,person,0.5630,0.1723,-3.0467
1763166443.2165556,411,10,0,person,1.2471,,-21.6495
1763166443.2165556,411,11,39,bottle,5.0387,,23.8038
1763166443.2175534,411,14,56,chair,1.7765,,-20.5700
1763166443.32753,412,4,0,person,0.5707,0.0690,-3.3558
1763166443.3285294,412,10,0,person,1.2471,,-21.6495
1763166443.3285294,412,11,39,bottle,5.0387,,23.8038
1763166443.3285294,412,14,56,chair,1.7765,,-20.5700
1763166443.3295271,412,15,59,bed,0.4434,,0.5685
1763166443.43703,413,4,0,person,0.5329,-0.3453,-5.1548
1763166443.4380436,413,10,0,person,1.2471,,-21.6495
1763166443.4380436,413,11,39,bottle,5.0387,,23.8038
1763166443.4390438,413,14,56,chair,1.7765,,-20.5700
1763166443.4390438,413,15,59,bed,0.4434,,0.5685
1763166443.5464258,414,4,0,person,0.5787,0.4182,-3.8706
1763166443.5474389,414,10,0,person,1.2471,,-21.6495
1763166443.5474389,414,11,39,bottle,5.0387,,23.8038
1763166443.5474389,414,14,56,chair,1.7765,,-20.5700
1763166443.5474389,414,15,59,bed,0.4434,,0.5685
1763166443.548438,414,16,39,bottle,5.3294,,15.3358
1763166443.6351612,415,4,0,person,0.5855,0.0765,-3.6133
1763166443.6351612,415,10,0,person,1.2471,,-21.6495
1763166443.636156,415,11,39,bottle,5.0387,,23.8038
1763166443.636156,415,14,56,chair,1.7765,,-20.5700
1763166443.636156,415,15,59,bed,0.4434,,0.5685
1763166443.636156,415,16,39,bottle,5.4339,1.1913,15.1915
1763166443.7312694,416,4,0,person,0.5721,-0.1397,-3.7162
1763166443.7312694,416,10,0,person,1.2471,,-21.6495
1763166443.7322693,416,11,39,bottle,5.0387,,23.8038
1763166443.7322693,416,14,56,chair,1.7765,,-20.5700
1763166443.7322693,416,15,59,bed,0.4434,,0.5685
1763166443.7332778,416,16,39,bottle,5.2288,-2.1113,15.3839
1763166443.8157206,417,4,0,person,0.5855,0.1590,-2.5826
1763166443.8167257,417,10,0,person,1.2471,,-21.6495
1763166443.8167257,417,11,39,bottle,5.0387,,23.8038
1763166443.8177216,417,14,56,chair,1.7765,,-20.5700
1763166443.8177216,417,15,59,bed,0.4434,,0.5685
1763166443.8177216,417,16,39,bottle,4.8619,-4.3453,17.2876
1763166443.9164286,418,4,0,person,0.5827,-0.0272,-1.9633
1763166443.9164286,418,10,0,person,1.2471,,-21.6495
1763166443.9174273,418,11,39,bottle,5.0387,,23.8038
1763166443.9174273,418,14,56,chair,1.7765,,-20.5700
1763166443.9174273,418,15,59,bed,0.4434,,0.5685
1763166443.9184244,418,16,39,bottle,5.0387,1.7556,17.7576
1763166443.9184244,418,17,48,sandwich,2.4309,,25.3848
1763166444.0105526,419,4,0,person,0.5814,-0.0144,-0.4652
1763166444.0105526,419,10,0,person,1.2471,,-21.6495
1763166444.011553,419,11,39,bottle,5.0387,,23.8038
1763166444.011553,419,14,56,chair,1.7765,,-20.5700
1763166444.011553,419,15,59,bed,0.4434,,0.5685
1763166444.0125523,419,16,39,bottle,5.0387,,17.7576
1763166444.0125523,419,17,48,sandwich,2.4309,,25.3848
1763166444.097936,420,4,0,person,0.5643,-0.1957,-1.0336
1763166444.0985663,420,10,0,person,1.2471,,-21.6495
1763166444.0985663,420,11,39,bottle,5.0387,,23.8038
1763166444.099547,420,14,56,chair,1.7765,,-20.5700
1763166444.099547,420,15,59,bed,0.4434,,0.5685
1763166444.099547,420,16,39,bottle,5.0387,,19.6127
1763166444.099547,420,17,48,sandwich,2.4309,,25.3848
1763166444.1940737,421,4,0,person,0.5814,0.1779,-0.1551
1763166444.195176,421,10,0,person,1.2471,,-21.6495
1763166444.195176,421,11,39,bottle,5.0387,,23.8038
1763166444.196233,421,14,56,chair,1.7765,,-20.5700
1763166444.196233,421,15,59,bed,0.4434,,0.5685
1763166444.196233,421,16,39,bottle,5.0387,,19.6127
1763166444.196233,421,17,48,sandwich,2.4309,,25.3848
1763166444.2950208,422,4,0,person,0.5567,-0.2443,0.8269
1763166444.2950208,422,10,0,person,1.2471,,-21.6495
1763166444.2960048,422,11,39,bottle,5.0387,,23.8038
1763166444.2960048,422,14,56,chair,1.7765,,-20.5700
1763166444.2960048,422,15,59,bed,0.4434,,0.5685
1763166444.2960048,422,16,39,bottle,5.0387,,19.6127
1763166444.2960048,422,17,48,sandwich,2.4309,,25.3848
1763166444.297525,422,18,39,bottle,4.7781,,23.1516
1763166444.3933413,423,4,0,person,0.5567,,1.0336
1763166444.3933413,423,11,39,bottle,5.0387,,23.8038
1763166444.3933413,423,14,56,chair,1.7765,,-20.5700
1763166444.394338,423,15,59,bed,0.4434,,0.5685
1763166444.394338,423,16,39,bottle,5.0387,,19.6127
1763166444.394338,423,17,48,sandwich,2.4309,,25.3848
1763166444.394338,423,18,39,bottle,4.4698,-3.1841,23.5002
1763166444.5220037,424,4,0,person,0.5630,0.0488,1.8084
1763166444.5229933,424,11,39,bottle,5.0387,,23.8038
1763166444.523992,424,14,56,chair,1.7765,,-20.5700
1763166444.523992,424,15,59,bed,0.4434,,0.5685
1763166444.523992,424,16,39,bottle,5.0387,,19.6127
1763166444.523992,424,17,48,sandwich,2.4309,,25.3848
1763166444.523992,424,18,39,bottle,4.4698,,23.5002
1763166444.6317706,425,4,0,person,0.5580,-0.0459,2.4278
1763166444.6327972,425,11,39,bottle,5.0387,,23.8038
1763166444.6327972,425,14,56,chair,1.7765,,-20.5700
1763166444.6327972,425,15,59,bed,0.4434,,0.5685
1763166444.633794,425,16,39,bottle,5.0387,,19.6127
1763166444.633794,425,17,48,sandwich,2.4309,,25.3848
1763166444.633794,425,18,39,bottle,4.3989,-0.6462,25.5954
1763166444.7551603,426,4,0,person,0.5580,,2.4278
1763166444.7551603,426,11,39,bottle,5.0387,,23.8038
1763166444.7561593,426,14,56,chair,1.7765,,-20.5700
1763166444.7561593,426,15,59,bed,0.4434,,0.5685
1763166444.7561593,426,16,39,bottle,5.0387,,19.6127
1763166444.7561593,426,17,48,sandwich,2.4309,,25.3848
1763166444.757156,426,18,39,bottle,4.2635,-1.0972,25.8471
1763166444.883677,427,4,0,person,0.5555,-0.0193,3.4588
1763166444.8846755,427,11,39,bottle,5.0387,,23.8038
1763166444.8846755,427,14,56,chair,1.7765,,-20.5700
1763166444.8846755,427,15,59,bed,0.4434,,0.5685
1763166444.885678,427,16,39,bottle,5.0387,,19.6127
1763166444.885678,427,17,48,sandwich,2.4309,,25.3848
1763166444.885678,427,18,39,bottle,4.3989,1.0531,26.0977
1763166445.0128863,428,4,0,person,0.5352,-0.1568,5.8717
1763166445.013884,428,11,39,bottle,5.0387,,23.8038
1763166445.013884,428,14,56,chair,1.7765,,-20.5700
1763166445.013884,428,15,59,bed,0.4434,,0.5685
1763166445.013884,428,16,39,bottle,5.0387,,19.6127
1763166445.0148695,428,17,48,sandwich,2.4309,,25.3848
1763166445.0148695,428,18,39,bottle,4.3989,,26.1810
1763166445.1287858,429,4,0,person,0.5387,0.0299,6.6378
1763166445.1297867,429,11,39,bottle,5.0387,,23.8038
1763166445.1297867,429,14,56,chair,1.7765,,-20.5700
1763166445.1297867,429,15,59,bed,0.4434,,0.5685
1763166445.1307857,429,16,39,bottle,5.0387,,19.6127
1763166445.1307857,429,17,48,sandwich,2.4309,,25.3848
1763166445.1307857,429,18,39,bottle,4.3989,,26.1810
1763166445.2771423,430,4,0,person,0.5307,-0.0541,6.9945
1763166445.2771423,430,11,39,bottle,5.0387,,23.8038
1763166445.2781417,430,14,56,chair,1.7765,,-20.5700
1763166445.2781417,430,15,59,bed,0.4434,,0.5685
1763166445.2781417,430,16,39,bottle,5.0387,,19.6127
1763166445.2791395,430,17,48,sandwich,2.4309,,25.3848
1763166445.2791395,430,18,39,bottle,4.3989,,26.1810
1763166445.411046,431,4,0,person,0.7794,1.8577,7.7063
1763166445.411046,431,11,39,bottle,5.0387,,23.8038
1763166445.4120462,431,14,56,chair,1.7765,,-20.5700
1763166445.4120462,431,15,59,bed,0.4434,,0.5685
1763166445.4120462,431,16,39,bottle,5.0387,,19.6127
1763166445.4120462,431,17,48,sandwich,2.4309,,25.3848
1763166445.4130461,431,18,39,bottle,4.3989,,26.1810
1763166445.5193691,432,4,0,person,0.8151,0.3292,13.2980
1763166445.5193691,432,11,39,bottle,5.0387,,23.8038
1763166445.5193691,432,14,56,chair,1.7765,,-20.5700
1763166445.5203683,432,15,59,bed,0.4434,,0.5685
1763166445.5203683,432,16,39,bottle,5.0387,,19.6127
1763166445.5203683,432,17,48,sandwich,2.4309,,25.3848
1763166445.5203683,432,18,39,bottle,4.3989,,26.1810
1763166445.6507673,433,4,0,person,1.4935,5.1631,21.2465
1763166445.65176,433,11,39,bottle,5.0387,,23.8038
1763166445.65176,433,14,56,chair,1.7765,,-20.5700
1763166445.65176,433,15,59,bed,0.4434,,0.5685
1763166445.6527457,433,16,39,bottle,5.0387,,19.6127
1763166445.6527457,433,17,48,sandwich,2.4309,,25.3848
1763166445.6527457,433,18,39,bottle,4.3989,,26.1810
1763166445.7734284,434,4,0,person,1.4935,,21.2465
1763166445.7744298,434,11,39,bottle,5.0387,,23.8038
1763166445.7744298,434,14,56,chair,1.7765,,-20.5700
1763166445.7744298,434,15,59,bed,0.4434,,0.5685
1763166445.775426,434,16,39,bottle,5.0387,,19.6127
1763166445.775426,434,17,48,sandwich,2.4309,,25.3848
1763166445.775426,434,18,39,bottle,4.3989,,26.1810
1763166445.8947341,435,4,0,person,1.4935,,21.2465
1763166445.8947341,435,11,39,bottle,5.0387,,23.8038
1763166445.8957305,435,14,56,chair,1.7765,,-20.5700
1763166445.8957305,435,15,59,bed,0.4434,,0.5685
1763166445.8957305,435,16,39,bottle,5.0387,,19.6127
1763166445.8957305,435,17,48,sandwich,2.4309,,25.3848
1763166445.8967285,435,18,39,bottle,4.3989,,26.1810
1763166445.9980147,436,4,0,person,1.4935,,21.2465
1763166445.9980147,436,11,39,bottle,5.0387,,23.8038
1763166445.9994135,436,14,56,chair,1.7765,,-20.5700
1763166445.9994135,436,15,59,bed,0.4434,,0.5685
1763166445.9994135,436,16,39,bottle,5.0387,,19.6127
1763166445.9994135,436,17,48,sandwich,2.4309,,25.3848
1763166446.0003912,436,18,39,bottle,4.3989,,26.1810
1763166446.0984087,437,4,0,person,1.4935,,21.2465
1763166446.0984087,437,11,39,bottle,5.0387,,23.8038
1763166446.0994294,437,14,0,person,1.2286,-5.4773,-21.5154
1763166446.0994294,437,15,40,wine glass,1.4212,9.7761,6.0251
1763166446.0994294,437,16,39,bottle,5.0387,,19.6127
1763166446.0994294,437,17,48,sandwich,2.4309,,25.3848
1763166446.1004288,437,18,39,bottle,4.3989,,26.1810
1763166446.2183614,438,4,0,person,1.4935,,21.2465
1763166446.2193587,438,11,39,bottle,5.0387,,23.8038
1763166446.2193587,438,14,0,person,0.8178,-3.4261,-16.7204
1763166446.2193587,438,15,40,wine glass,1.4212,,6.0251
1763166446.2193587,438,16,39,bottle,5.0387,,19.6127
1763166446.2193587,438,17,48,sandwich,2.4309,,25.3848
1763166446.2208781,438,18,39,bottle,4.3989,,26.1810
1763166446.3133917,439,4,0,person,1.4935,,21.2465
1763166446.3143835,439,11,39,bottle,5.0387,,23.8038
1763166446.3148985,439,14,0,person,0.7604,-0.6002,-15.6239
1763166446.3148985,439,15,40,wine glass,1.4212,,6.0251
1763166446.3148985,439,16,39,bottle,5.0387,,19.6127
1763166446.31591,439,17,48,sandwich,2.4309,,25.3848
1763166446.31591,439,18,39,bottle,4.3989,,26.1810
1763166446.412032,440,4,0,person,1.4935,,21.2465
1763166446.412032,440,14,0,person,0.5617,-2.0453,-9.8264
1763166446.4130378,440,15,40,wine glass,1.4212,,6.0251
1763166446.4130378,440,16,39,bottle,5.0387,,19.6127
1763166446.4130378,440,17,48,sandwich,2.4309,,25.3848
1763166446.4130378,440,18,39,bottle,4.3989,,26.1810
1763166446.5307724,441,4,0,person,1.4935,,21.2465
1763166446.531766,441,14,0,person,0.4478,-0.9518,-4.1792
1763166446.531766,441,15,40,wine glass,1.4212,,6.0251
1763166446.5327652,441,16,39,bottle,5.0387,,19.6127
1763166446.5327652,441,17,48,sandwich,2.4309,,25.3848
1763166446.5327652,441,18,39,bottle,4.3989,,26.1810
1763166446.6508923,442,4,0,person,1.4935,,21.2465
1763166446.6508923,442,14,0,person,0.4688,0.1766,-5.5646
1763166446.6518922,442,15,40,wine glass,1.4212,,6.0251
1763166446.6518922,442,16,39,bottle,5.0387,,19.6127
1763166446.6518922,442,17,48,sandwich,2.4309,,25.3848
1763166446.6518922,442,18,39,bottle,4.3989,,26.1810
1763166446.7629044,443,4,0,person,1.4935,,21.2465
1763166446.7629044,443,14,0,person,0.3940,-0.6678,-0.3618
1763166446.7639034,443,15,40,wine glass,1.4212,,6.0251
1763166446.7639034,443,16,39,bottle,5.0387,,19.6127
1763166446.7639034,443,17,48,sandwich,2.4309,,25.3848
1763166446.7639034,443,18,39,bottle,4.3989,,26.1810
1763166446.8709214,444,4,0,person,1.4935,,21.2465
1763166446.8719363,444,14,0,person,0.4293,0.3234,-2.8405
1763166446.8719363,444,15,40,wine glass,1.4212,,6.0251
1763166446.8719363,444,16,39,bottle,5.0387,,19.6127
1763166446.8719363,444,17,48,sandwich,2.4309,,25.3848
1763166446.8719363,444,18,39,bottle,4.3989,,26.1810
1763166446.9657576,445,4,0,person,1.4935,,21.2465
1763166446.9662693,445,14,0,person,0.4399,0.1124,-3.7677
1763166446.9662693,445,15,40,wine glass,1.4212,,6.0251
1763166446.9662693,445,16,39,bottle,5.0387,,19.6127
1763166446.9672878,445,17,48,sandwich,2.4309,,25.3848
1763166446.9672878,445,18,39,bottle,4.3989,,26.1810
1763166447.061997,446,4,0,person,1.4935,,21.2465
1763166447.0629952,446,14,0,person,0.4293,-0.1096,-3.0467
1763166447.0629952,446,15,40,wine glass,1.4212,,6.0251
1763166447.0629952,446,16,39,bottle,5.0387,,19.6127
1763166447.0629952,446,17,48,sandwich,2.4309,,25.3848
1763166447.0629952,446,18,39,bottle,4.3989,,26.1810
1763166447.1491868,447,4,0,person,1.4935,,21.2465
1763166447.1491868,447,14,0,person,0.4271,-0.0256,-2.8920
1763166447.1491868,447,15,40,wine glass,1.4212,,6.0251
1763166447.1501856,447,16,39,bottle,5.0387,,19.6127
1763166447.1501856,447,17,48,sandwich,2.4309,,25.3848
1763166447.1501856,447,18,39,bottle,4.3989,,26.1810
1763166447.2529883,448,4,0,person,1.4935,,21.2465
1763166447.2529883,448,14,0,person,0.4360,0.0863,-3.5103
1763166447.2539873,448,15,40,wine glass,1.4212,,6.0251
1763166447.2539873,448,16,39,bottle,5.0387,,19.6127
1763166447.2539873,448,17,48,sandwich,2.4309,,25.3848
1763166447.2539873,448,18,39,bottle,4.3989,,26.1810
1763166447.336329,449,4,0,person,1.4935,,21.2465
1763166447.3373318,449,14,0,person,0.4360,,-3.5103
1763166447.3373318,449,15,40,wine glass,1.4212,,6.0251
1763166447.3373318,449,16,39,bottle,5.0387,,19.6127
1763166447.3373318,449,18,39,bottle,4.3989,,26.1810
1763166447.4509752,450,4,0,person,1.4935,,21.2465
1763166447.4519799,450,14,0,person,0.4353,-0.0066,-2.8405
1763166447.4519799,450,15,40,wine glass,1.4212,,6.0251
1763166447.452957,450,16,39,bottle,5.0387,,19.6127
1763166447.452957,450,18,39,bottle,4.3989,,26.1810
1763166447.550757,451,4,0,person,1.4935,,21.2465
1763166447.551766,451,14,0,person,0.4220,-0.1329,-2.5310
1763166447.551766,451,15,40,wine glass,1.4212,,6.0251
1763166447.551766,451,18,39,bottle,4.3989,,26.1810
1763166447.6835496,452,4,0,person,1.4935,,21.2465
1763166447.6845486,452,14,0,person,0.4300,0.0603,-2.8920
1763166447.6845486,452,15,40,wine glass,1.4212,,6.0251
1763166447.6845486,452,18,39,bottle,4.3989,,26.1810
1763166447.7896066,453,4,0,person,1.4935,,21.2465
1763166447.790604,453,14,0,person,0.4715,0.3909,-4.2820
1763166447.790604,453,15,40,wine glass,1.4212,,6.0251
1763166447.790604,453,18,39,bottle,4.3989,,26.1810
1763166447.9067857,454,4,0,person,1.4935,,21.2465
1763166447.9077845,454,14,0,person,0.4636,-0.0673,-1.8601
1763166447.9077845,454,15,40,wine glass,1.4212,,6.0251
1763166447.9077845,454,18,39,bottle,4.3989,,26.1810
1763166448.0005555,455,4,0,person,1.4935,,21.2465
1763166448.0005555,455,14,0,person,0.4706,0.0754,-2.9951
1763166448.0015335,455,15,40,wine glass,1.4212,,6.0251
1763166448.0015335,455,18,39,bottle,4.3989,,26.1810
1763166448.080724,456,4,0,person,1.4935,,21.2465
1763166448.080724,456,14,0,person,0.4414,-0.3636,-2.9436
1763166448.0817094,456,15,40,wine glass,1.4212,,6.0251
1763166448.0817094,456,18,39,bottle,4.3989,,26.1810
1763166448.175543,457,4,0,person,1.4935,,21.2465
1763166448.175543,457,14,0,person,0.4619,0.2155,-4.1278
1763166448.175543,457,15,40,wine glass,1.4212,,6.0251
1763166448.177025,457,18,39,bottle,4.3989,,26.1810
1763166448.2962115,458,4,0,person,1.4935,,21.2465
1763166448.2962115,458,14,0,person,0.4478,-0.1168,-2.2214
1763166448.2962115,458,15,40,wine glass,1.4212,,6.0251
1763166448.297742,458,18,39,bottle,4.3989,,26.1810
1763166448.4007027,459,4,0,person,1.4935,,21.2465
1763166448.4007027,459,14,0,person,0.4345,-0.1269,-3.2013
1763166448.4016979,459,15,40,wine glass,1.4212,,6.0251
1763166448.5165963,460,4,0,person,1.4935,,21.2465
1763166448.5181174,460,14,0,person,0.4510,0.1405,-3.2528
1763166448.5181174,460,15,40,wine glass,1.4212,,6.0251
1763166448.6124988,461,4,0,person,1.4935,,21.2465
1763166448.6124988,461,14,0,person,0.4560,0.0524,-4.7957
1763166448.6124988,461,15,40,wine glass,1.4212,,6.0251
1763166448.6986356,462,4,0,person,1.4935,,21.2465
1763166448.6996264,462,14,0,person,0.4510,-0.0568,-4.2820
1763166448.6996264,462,15,40,wine glass,1.4212,,6.0251
1763166448.789736,463,4,0,person,1.4935,,21.2465
1763166448.789736,463,14,0,person,0.4486,-0.0270,-4.3334
1763166448.7907348,463,15,40,wine glass,1.4212,,6.0251
1763166448.8897285,464,14,0,person,0.4462,-0.0241,-4.1792
1763166448.890743,464,15,40,wine glass,1.4212,,6.0251
1763166448.9805596,465,14,0,person,0.4478,0.0176,-3.6648
1763166448.9805596,465,15,40,wine glass,1.4212,,6.0251
1763166449.0685074,466,14,0,person,0.4551,0.0836,-3.8192
1763166449.0685074,466,15,40,wine glass,1.4212,,6.0251
1763166449.1643956,467,14,0,person,0.4227,-0.3379,-2.4794
1763166449.1643956,467,15,40,wine glass,1.4212,,6.0251
1763166449.2748053,468,14,0,person,0.4454,0.2051,-2.1698
1763166449.385763,469,14,0,person,0.4576,0.1105,-4.0764
1763166449.4798546,470,14,0,person,0.4688,0.1189,-3.7162
1763166449.5688105,471,14,0,person,0.4619,-0.0781,-3.8192
1763166449.6658762,472,14,0,person,0.4645,0.0266,-3.4588
1763166449.7641723,473,14,0,person,0.4568,-0.0779,-3.8192
1763166449.848934,474,14,0,person,0.4619,0.0599,-4.1278
1763166449.848934,474,19,15,cat,0.5402,,-3.5618
1763166449.9445755,475,14,0,person,0.4535,-0.0878,-4.2306
1763166449.945083,475,19,15,cat,0.5402,,-3.5618
1763166450.04102,476,14,0,person,0.4568,0.0344,-4.1278
1763166450.04102,476,19,15,cat,0.5402,,-3.5618
1763166450.1375606,477,14,0,person,0.4688,0.1245,-3.6133
1763166450.1385598,477,19,15,cat,0.5402,,-3.5618
1763166450.2253652,478,14,0,person,0.4602,-0.0985,-3.5103
1763166450.2253652,478,19,15,cat,0.5402,,-3.5618
1763166450.315818,479,14,0,person,0.4959,0.3945,-3.1497
1763166450.315818,479,19,15,cat,0.5402,,-3.5618
1763166450.4180512,480,14,0,person,0.4959,,-3.1497
1763166450.4190671,480,19,0,person,0.4462,-0.9107,-3.0467
1763166450.5158312,481,14,15,cat,1.2712,7.9298,-6.6888
1763166450.5168438,481,19,0,person,0.4787,0.3328,-4.1792
1763166450.6046138,482,14,15,cat,1.2712,,-6.6888
1763166450.6056142,482,19,0,person,0.4787,,-4.1792
1763166450.7022667,483,14,15,cat,1.2712,,-6.6888
1763166450.7022667,483,19,0,person,0.4787,,-4.1792
1763166450.7959256,484,14,15,cat,0.9116,-3.8397,-8.4156
1763166450.7969398,484,19,0,person,0.4787,,-4.1792
1763166450.8890917,485,14,15,cat,0.9116,,-8.4156
1763166450.8890917,485,19,0,person,0.4787,,-4.1792
1763166450.9761004,486,14,15,cat,0.9116,,-8.4156
1763166450.9761004,486,19,0,person,0.4715,-0.0832,3.9735
1763166451.0823777,487,14,15,cat,0.9116,,-8.4156
1763166451.0832064,487,19,0,person,0.5434,0.6713,0.4652
1763166451.1923792,488,14,15,cat,0.9116,,-8.4156
1763166451.1933749,488,19,0,person,0.4949,-0.4404,1.8601
1763166451.2993517,489,14,15,cat,0.9116,,-8.4156
1763166451.2993517,489,19,0,person,0.5656,0.6671,-1.0853
1763166451.4113133,490,14,15,cat,0.9116,,-8.4156
1763166451.4113133,490,19,0,person,0.5410,-0.2192,-1.0853
1763166451.5224016,491,14,15,cat,0.9116,,-8.4156
1763166451.5234149,491,19,0,person,0.4900,-0.4551,-0.6719
1763166451.6319175,492,14,15,cat,0.9116,,-8.4156
1763166451.6329339,492,19,0,person,0.4900,,1.8084
1763166451.740864,493,14,15,cat,0.9116,,-8.4156
1763166451.741871,493,19,0,person,0.4998,0.0901,0.4652
1763166451.835794,494,14,15,cat,0.9116,,-8.4156
1763166451.835794,494,19,0,person,0.5273,0.2925,1.9117
1763166451.9244366,495,14,15,cat,0.9116,,-8.4156
1763166451.9254208,495,19,0,person,0.5240,-0.0371,1.9633
1763166452.0293007,496,14,15,cat,0.9116,,-8.4156
1763166452.0293007,496,19,0,person,0.5318,0.0753,2.4278
1763166452.1401224,497,14,15,cat,0.9116,,-8.4156
1763166452.1401224,497,19,0,person,0.5318,,2.7373
1763166452.2586598,498,14,15,cat,0.9116,,-8.4156
1763166452.2601674,498,19,0,person,0.5387,0.0574,2.6342
1763166452.359645,499,14,15,cat,0.9116,,-8.4156
1763166452.3606458,499,19,0,person,0.6251,0.8600,3.9735
1763166452.4884148,500,14,15,cat,0.9116,,-8.4156
1763166452.4884148,500,19,0,person,0.5694,-0.4356,6.1784
1763166452.6023445,501,14,15,cat,0.9116,,-8.4156
1763166452.6023445,501,19,0,person,0.6330,0.5582,4.3334
1763166452.682408,502,14,15,cat,0.9116,,-8.4156
1763166452.683428,502,19,0,person,0.6143,-0.2308,6.0762
1763166452.7862139,503,14,15,cat,0.9116,,-8.4156
1763166452.787212,503,19,0,person,0.6025,-0.1144,6.1784
1763166452.958497,504,14,15,cat,0.9116,,-8.4156
1763166452.958497,504,19,0,person,0.6025,,6.1784
1763166453.1152594,505,14,15,cat,0.9116,,-8.4156
1763166453.116273,505,19,0,person,0.6871,0.5365,5.7182
1763166453.2769427,506,14,15,cat,0.9116,,-8.4156
1763166453.2779422,506,19,0,person,0.6546,-0.2008,7.8585
1763166453.4365504,507,14,15,cat,0.9116,,-8.4156
1763166453.4365504,507,19,0,person,1.2533,3.7748,0.6719
1763166453.6120408,508,14,15,cat,0.9116,,-8.4156
1763166453.6130438,508,19,0,person,1.2533,,0.6719
1763166453.8005097,509,14,0,person,0.5240,-2.0567,8.3144
1763166453.8015172,509,19,0,person,1.2533,,0.6719
1763169979.534581,1,1,0,person,0.4129,,-1.8601
1763169979.6536558,2,1,0,person,0.4249,0.1004,-2.7373
1763169979.7338064,3,1,0,person,0.4264,0.0181,-2.7373
1763169979.8148174,4,1,0,person,0.4264,,-2.7373
1763169979.9029171,5,1,0,person,0.4271,0.0083,-2.6858
1763169979.9795752,6,1,0,person,0.4256,-0.0190,-2.7889
1763169980.058817,7,1,0,person,0.4256,,-2.7889
1763169980.135318,8,1,0,person,0.4278,0.0286,-2.9436
1763169980.215567,9,1,0,person,0.4256,-0.0273,-2.6858
1763169980.295549,10,1,0,person,0.4249,-0.0091,-2.7373
1763169980.374278,11,1,0,person,0.4227,-0.0274,-2.5826
1763169980.4498544,12,1,0,person,0.4249,0.0286,-2.7373
1763169980.5299132,13,1,0,person,0.4264,0.0181,-2.8405
1763169980.6058972,14,1,0,person,0.4242,-0.0286,-2.6858
1763169980.6854177,15,1,0,person,0.4249,0.0091,-2.6342
1763169980.7625654,16,1,0,person,0.4249,,-2.6342
1763169980.8390968,17,1,0,person,0.4249,,-2.7373
1763169980.9188697,18,1,0,person,0.4249,,-2.7373
1763169980.9967773,19,1,0,person,0.4249,,-2.7373
1763169981.0741575,20,1,0,person,0.4249,,-2.7373
1763169981.1477456,21,1,0,person,0.4249,,-2.7373
1763169981.2320864,22,1,0,person,0.4249,,-2.6342
1763169981.3092854,23,1,0,person,0.4227,-0.0280,-2.5826
1763169981.3878207,24,1,0,person,0.4206,-0.0272,-2.2214
1763169981.490018,25,1,0,person,0.4213,0.0070,-2.2730
1763169981.5773995,26,1,0,person,0.4213,,-2.2730
1763169981.6525548,27,1,0,person,0.4249,0.0478,-2.6342
1763169981.7337315,28,1,0,person,0.4308,0.0723,-2.7373
1763169981.8085048,29,1,0,person,0.4715,0.5445,0.8786
1763169981.8871937,30,1,0,person,0.4192,-0.6646,-2.3246
1763169982.0242057,31,1,0,person,0.4220,0.0207,-2.5310
1763169982.1151457,32,1,0,person,0.4213,-0.0078,-1.9633
1763169982.2009692,33,1,0,person,0.4430,0.2529,1.1886
1763169982.2985034,34,1,0,person,0.4446,0.0162,-0.4652
1763169982.375764,35,1,0,person,0.4446,,-0.4652
1763169982.4526787,36,1,0,person,0.4462,0.0207,-0.7753
1763169982.5327134,37,1,0,person,0.4662,0.2501,1.7052
1763169982.6099317,38,1,0,person,0.4910,0.3209,1.4469
1763169982.6879795,39,1,0,person,0.4910,,1.4469
1763169982.77161,40,1,0,person,0.4619,-0.3479,-0.8269
1763169982.847738,41,1,0,person,0.4852,0.3069,1.0336
1763169982.9273505,42,1,0,person,0.4627,-0.2827,-0.3618
1763169983.0031953,43,1,0,person,0.4939,0.4108,1.2920
1763169983.0818002,44,1,0,person,0.4939,,1.2920
1763169983.1585293,45,1,0,person,0.4949,0.0128,1.2403
1763169983.2435055,46,1,0,person,0.5049,0.1179,1.6535
1763169983.318245,47,1,0,person,0.5049,,1.4469
1763169983.3959897,48,1,0,person,0.5049,,1.4469
1763169983.47416,49,1,0,person,0.5008,-0.0519,1.4469
1763169983.5518107,50,1,0,person,0.4900,-0.1394,0.8786
1763169983.6321738,51,1,0,person,0.5049,0.1851,1.5502
1763169983.709309,52,1,0,person,0.5008,-0.0526,1.4469
1763169983.7925045,53,1,0,person,0.5008,,1.4469
1763169983.869732,54,1,0,person,0.5059,0.0658,1.9117
1763169983.945835,55,1,0,person,0.5008,-0.0667,1.9633
1763169984.027473,56,1,0,person,0.4959,-0.0610,1.3953
1763169984.1051102,57,1,0,person,0.4959,,1.3953
1763169984.1806622,58,1,0,person,0.4998,0.0526,1.7052
1763169984.263218,59,1,0,person,0.4959,-0.0481,1.3953
1763169984.3408828,60,1,0,person,0.4502,-0.5877,-1.6535
1763169984.4175627,61,1,0,person,0.4518,0.0213,-0.9303
1763169984.4961476,62,1,0,person,0.4518,,-0.9303
1763169984.5755317,63,1,0,person,0.4478,-0.0511,-1.3953
1763169984.653073,64,1,0,person,0.4478,,-1.3953
1763169984.7296023,65,1,0,person,0.4751,0.3566,-0.7753
1763169984.814292,66,1,0,person,0.4751,,-0.7753
1763169984.906689,67,1,0,person,0.4787,0.0395,-3.4588
1763169984.9787989,68,1,0,person,0.4446,-0.4734,-2.3246
1763169985.0639834,69,1,0,person,0.4470,0.0281,-2.5826
1763169985.1389403,70,1,0,person,0.4422,-0.0634,-3.0982
1763169985.2171676,71,1,0,person,0.4264,-0.2029,-2.1182
1763169985.3008275,72,1,0,person,0.4264,,-2.1182
1763169985.3776996,73,1,0,person,0.4213,-0.0656,-2.0666
1763169985.4549644,74,1,0,person,0.4220,0.0092,-2.3246
1763169985.531127,75,1,0,person,0.4293,0.0954,-2.3246
1763169985.6100147,76,1,0,person,0.4293,,-2.3246
1763169985.6915796,77,1,0,person,0.4278,-0.0181,-1.9117
1763169985.7702193,78,1,0,person,0.4376,0.1241,-2.5826
1763169985.8475597,79,1,0,person,0.4502,0.1634,-3.3043
1763169985.8475597,79,2,0,person,1.1286,,15.0952
1763169985.9262,80,1,0,person,0.4462,-0.0512,-2.3246
1763169985.9262,80,2,0,person,1.1286,,15.0952
1763169986.0028663,81,1,0,person,0.4462,,-2.3246
1763169986.0038664,81,2,0,person,1.1286,,15.0952
1763169986.081475,82,1,0,person,0.4338,-0.1579,-3.1497
1763169986.081475,82,2,0,person,1.1286,,15.0952
1763169986.157696,83,1,0,person,0.4568,0.3023,-2.3762
1763169986.157696,83,2,0,person,1.1286,,15.0952
1763169986.2290628,84,1,0,person,0.4662,0.1316,-5.1035
1763169986.2300577,84,2,0,person,1.1286,,15.0952
1763169986.3200452,85,1,0,person,0.4662,,-5.1035
1763169986.3200452,85,2,0,person,1.1286,,15.0952
1763169986.4158347,86,1,0,person,0.4929,0.2789,-6.7907
1763169986.4178333,86,2,0,person,1.1286,,15.0952
1763169986.517664,87,1,0,person,0.5787,0.8423,-6.2295
1763169986.5186815,87,2,0,person,1.1286,,15.0952
1763169986.6023,88,1,0,person,0.5774,-0.0158,-5.6670
1763169986.6023,88,2,0,person,1.1286,,15.0952
1763169986.6959593,89,1,0,person,0.5422,-0.3752,-7.8077
1763169986.696968,89,2,0,person,1.1286,,15.0952
1763169986.7890832,90,1,0,person,0.5318,-0.1117,-7.9599
1763169986.7900898,90,2,0,person,1.1286,,15.0952
1763169986.8626792,91,1,0,person,0.5458,0.1897,-8.6684
1763169986.8636847,91,2,0,person,1.1286,,15.0952
1763169986.9428039,92,1,0,person,0.5605,0.1837,-8.9712
1763169986.9428039,92,2,0,person,1.1286,,15.0952
1763169987.0171552,93,1,0,person,0.5605,,-8.9712
1763169987.0171552,93,2,0,person,1.1286,,15.0952
1763169987.101086,94,1,0,person,0.6054,0.5349,-10.8269
1763169987.101086,94,2,0,person,1.1286,,15.0952
1763169987.1782866,95,1,0,person,0.6314,0.3375,-12.2657
1763169987.1782866,95,2,0,person,1.1286,,15.0952
1763169987.254793,96,1,0,person,0.6778,0.6055,-13.7865
1763169987.255791,96,2,0,person,1.1286,,15.0952
1763169987.3362315,97,1,0,person,0.6778,,-13.7865
1763169987.3362315,97,2,0,person,1.1286,,15.0952
1763169987.4129655,98,1,0,person,0.6967,0.2467,-14.2730
1763169987.4139643,98,2,0,person,1.1286,,15.0952
1763169987.4898841,99,1,0,person,0.6967,,-14.2730
1763169987.4898841,99,2,0,person,1.1286,,15.0952
1763169987.5682797,100,1,0,person,0.6564,-0.5145,-12.7091
1763169987.5682797,100,2,0,person,1.1286,,15.0952
1763169987.6456742,101,1,0,person,0.6025,-0.6965,-11.1258
1763169987.6466784,101,2,0,person,1.1286,,15.0952
1763169987.7255905,102,1,0,person,0.6025,,-11.1258
1763169987.7265837,102,2,0,person,1.1286,,15.0952
1763169987.803675,103,1,0,person,0.5869,-0.1997,-10.4775
1763169987.8046649,103,2,0,person,1.1286,,15.0952
1763169987.8947103,104,1,0,person,0.5869,,-10.4775
1763169987.8947103,104,2,0,person,1.1286,,15.0952
1763169987.9722803,105,1,0,person,0.5814,-0.0705,-10.6773
1763169987.9732964,105,2,0,person,1.1286,,15.0952
1763169988.0486977,106,1,0,person,0.5814,,-10.6773
1763169988.0486977,106,2,0,person,1.1286,,15.0952
1763169988.1285813,107,1,0,person,0.5910,0.1207,-10.8269
1763169988.1295922,107,2,0,person,1.1286,,15.0952
1763169988.2068567,108,1,0,person,0.5747,-0.2088,-10.5274
1763169988.2068567,108,2,0,person,1.1286,,15.0952
1763169988.284675,109,1,0,person,0.5967,0.2827,-10.3275
1763169988.284675,109,2,0,person,1.1286,,15.0952
1763169988.3627782,110,1,0,person,0.6010,0.0552,-11.1756
1763169988.4423447,111,1,0,person,0.6010,,-11.1756
1763169988.5160854,112,1,0,person,0.6113,0.1398,-11.8208
1763169988.598357,113,1,0,person,0.6363,0.3033,-12.6107
1763169988.6829183,114,1,0,person,0.6462,0.1170,-12.9057
1763169988.7712965,115,1,0,person,0.6564,0.1154,-13.2000
1763169988.8498046,116,1,0,person,0.6651,0.1115,-13.4447
1763169988.961642,117,1,0,person,0.6633,-0.0158,-13.3958
1763169989.0542946,118,1,0,person,0.6633,,-13.3958
1763169989.1299438,119,1,0,person,0.6581,-0.0694,-13.2490
1763169989.212534,120,1,0,person,0.6633,0.0636,-13.3958
1763169989.3156204,121,1,0,person,0.6616,-0.0171,-13.3469
1763169989.394502,122,1,0,person,0.6598,-0.0222,-13.2980
1763169989.474195,123,1,0,person,0.6462,-0.1716,-12.9057
1763169989.5508053,124,1,0,person,0.6462,,-12.9057
1763169989.6294003,125,1,0,person,0.6143,-0.4050,-11.9198
1763169989.7061975,126,1,0,person,0.6098,-0.0587,-11.5730
1763169989.7850828,127,1,0,person,0.5924,-0.2203,-10.4775
1763169989.862491,128,1,0,person,0.6143,0.2828,-9.8264
1763169989.9629707,129,1,0,person,0.6330,0.1862,-8.7189
1763169990.0725627,130,1,0,person,0.6330,,-8.7189
1763169990.1598368,131,1,0,person,0.5694,-0.7287,-10.1272
1763169990.2385538,132,1,0,person,0.5630,-0.0816,-9.8766
1763169990.3215919,133,1,0,person,0.5592,-0.0456,-9.8264
1763169990.4158251,134,1,0,person,0.5681,0.0946,-9.0720
1763169990.508423,135,1,0,person,0.5543,-0.1500,-9.4245
1763169990.601872,136,1,0,person,0.5996,0.4848,-8.9208
1763169990.696618,137,1,0,person,0.5896,-0.1047,-9.3742
1763169990.7693655,138,1,0,person,0.5617,-0.3834,-9.7260
1763169990.8519921,139,1,0,person,0.5617,,-9.7260
1763169990.9289348,140,1,0,person,0.5341,-0.3596,-8.8703
1763169991.0091593,141,1,0,person,0.5175,-0.2072,-8.0106
1763169991.0867593,142,1,0,person,0.5111,-0.0820,-7.2998
1763169991.1636505,143,1,0,person,0.5111,,-7.2998
1763169991.2448869,144,1,0,person,0.5121,0.0129,-7.2490
1763169991.3226295,145,1,0,person,0.5470,0.4478,-6.1784
1763169991.4009552,146,1,0,person,0.5530,0.0774,-2.7373
1763169991.4763885,147,1,0,person,0.5530,,-2.7373
1763169991.5543497,148,1,0,person,0.4653,-1.1249,-4.2306
1763169991.6345637,149,1,0,person,0.4345,-0.3840,-2.6858
1763169991.711044,150,1,0,person,0.4227,-0.1541,-1.2403
1763169991.7874591,151,1,0,person,0.4235,0.0094,-2.1182
1763169991.8698742,152,1,0,person,0.4235,,-2.1182
1763169991.948911,153,1,0,person,0.4235,,-2.1182
1763169992.0223982,154,1,0,person,0.4376,0.1921,-3.2013
1763169992.1025121,155,1,0,person,0.5008,0.7897,-0.7236
1763169992.1789556,156,1,0,person,0.5341,0.4349,1.1886
1763169992.3212686,157,1,0,person,0.5555,0.1504,1.8084
1763169992.459173,158,1,0,person,0.5446,-0.0792,1.1370
1763169992.5419118,159,1,0,person,0.5410,-0.0428,0.9820
1763169992.615827,160,1,0,person,0.4824,-0.7928,-1.6019
1763169992.6928844,161,1,0,person,0.4438,-0.5013,-4.0250
1763169992.7717211,162,1,0,person,0.4438,,-4.0250
1763169992.8521554,163,1,0,person,0.4446,0.0098,-4.0764
1763169992.9286096,164,1,0,person,0.4446,,-4.0764
1763169993.0094512,165,1,0,person,0.4430,-0.0195,-3.9735
1763169993.0897439,166,1,0,person,0.4430,,-3.9735
1763169993.179941,167,1,0,person,0.4430,,-3.9735
1763169993.260361,168,1,0,person,0.4430,,-3.9735
1763169993.3358042,169,1,0,person,0.4399,-0.0414,-3.7677
1763169993.414418,170,1,0,person,0.4414,0.0198,-3.8706
1763169993.4948392,171,1,0,person,0.4407,-0.0097,-3.8192
1763169993.6521811,172,1,0,person,0.4399,-0.0049,-3.7677
1763169993.7319267,173,1,0,person,0.4391,-0.0097,-3.7162
1763169993.8103478,174,1,0,person,0.4391,,-3.7162
1763169993.9087532,175,1,0,person,0.4376,-0.0157,-3.6133
1763169993.9989107,176,1,0,person,0.4376,,-3.6133
1763169994.0879135,177,1,0,person,0.4383,0.0086,-3.6648
1763169994.1693096,178,1,0,person,0.4383,,-3.6648
1763169994.2505229,179,1,0,person,0.4383,,-3.6648
1763169994.3370614,180,1,0,person,0.4391,0.0089,-3.7162
1763169994.4190903,181,1,0,person,0.4383,-0.0094,-3.6648
1763169994.4984875,182,1,0,person,0.4376,-0.0097,-3.6133
1763169994.576324,183,1,0,person,0.4376,,-3.6133
1763169994.6555078,184,1,0,person,0.4383,0.0097,-3.4588
1763169994.736139,185,1,0,person,0.4383,,-3.3558
1763169994.8123462,186,1,0,person,0.4610,0.2977,-1.2920
1763169994.9100835,187,1,0,person,0.4862,0.2575,-0.8786
1763169995.0209928,188,1,0,person,0.4862,,-0.8786
1763169995.1153665,189,1,0,person,0.4454,-0.4324,-1.6535
1763169995.2207575,190,1,0,person,0.4527,0.0690,-0.6719
1763169995.3036757,191,1,0,person,0.4527,,-0.6719
1763169995.392431,192,1,0,person,0.4062,-0.5233,-1.3436
1763169995.46947,193,1,0,person,0.4062,,-1.3436
1763169995.5517647,194,1,0,person,0.4029,-0.0399,-0.7753
1763169995.6276267,195,1,0,person,0.3997,-0.0426,-0.6202
1763169995.7034903,196,1,0,person,0.3997,,-0.6202
1763169995.7857602,197,1,0,person,0.4036,0.0472,-1.1370
1763169995.8826354,198,1,0,person,0.4049,0.0135,-1.1370
1763169995.9730663,199,1,0,person,0.4042,-0.0073,-0.9820
1763169995.9740548,199,3,79,toothbrush,5.1320,,18.0852
1763169996.0522602,200,1,0,person,0.4016,-0.0329,-0.7753
1763169996.0522602,200,3,79,toothbrush,5.1320,,18.0852
1763169996.128302,201,1,0,person,0.4042,0.0342,-1.1886
1763169996.128302,201,3,79,toothbrush,5.1320,,18.0852
1763169996.2061045,202,1,0,person,0.4042,,-1.1886
1763169996.2061045,202,3,79,toothbrush,5.1320,,18.0852
1763169996.285706,203,1,0,person,0.4010,-0.0408,-0.9303
1763169996.285706,203,3,79,toothbrush,5.1320,,18.0852
1763169996.3593442,204,1,0,person,0.4102,0.1254,-1.6535
1763169996.3603575,204,3,79,toothbrush,5.1320,,18.0852
1763169996.4395654,205,1,0,person,0.4042,-0.0746,-1.0853
1763169996.4395654,205,3,79,toothbrush,5.1320,,18.0852
1763169996.5317628,206,1,0,person,0.4095,0.0576,-1.6019
1763169996.5317628,206,3,79,toothbrush,5.1320,,18.0852
1763169996.6155767,207,1,0,person,0.4095,,-1.6019
1763169996.6155767,207,3,79,toothbrush,5.1320,,18.0852
1763169996.7038395,208,1,0,person,0.4095,,-1.4986
1763169996.7038395,208,3,79,toothbrush,5.1320,,18.0852
1763169996.7847853,209,1,0,person,0.4136,0.0503,-1.9117
1763169996.7847853,209,3,79,toothbrush,5.1320,,18.0852
1763169996.8630462,210,1,0,person,0.4075,-0.0777,-1.4469
1763169996.8630462,210,3,79,toothbrush,5.1320,,18.0852
1763169996.9403987,211,1,0,person,0.4199,0.1597,-0.6202
1763169996.9403987,211,3,79,toothbrush,5.1320,,18.0852
1763169997.0260715,212,1,0,person,0.4422,0.2607,-0.8269
1763169997.0270708,212,3,79,toothbrush,5.1320,,18.0852
1763169997.1138687,213,1,0,person,0.4422,,-0.8269
1763169997.1148863,213,3,79,toothbrush,5.1320,,18.0852
1763169997.1955495,214,1,0,person,0.4834,0.5036,0.8269
1763169997.1965637,214,3,79,toothbrush,5.1320,,18.0852
1763169997.288252,215,1,0,person,0.4360,-0.5105,-2.5826
1763169997.288252,215,3,79,toothbrush,5.1320,,18.0852
1763169997.364686,216,1,0,person,0.4330,-0.0396,-3.3043
1763169997.364686,216,3,79,toothbrush,5.1320,,18.0852
1763169997.4427845,217,1,0,person,0.4407,0.0980,-3.5103
1763169997.4427845,217,3,79,toothbrush,5.1320,,18.0852
1763169997.5442657,218,1,0,person,0.4430,0.0231,-3.8706
1763169997.5442657,218,3,79,toothbrush,5.1320,,18.0852
1763169997.6328402,219,1,0,person,0.4430,,-3.8706
1763169997.6338565,219,3,79,toothbrush,5.1320,,18.0852
1763169997.7216065,220,1,0,person,0.4494,0.0719,-3.9735
1763169997.7216065,220,3,79,toothbrush,5.1320,,18.0852
1763169997.7993643,221,1,0,person,0.5630,1.4612,2.2214
1763169997.800364,221,3,79,toothbrush,5.1320,,18.0852
1763169997.8804955,222,1,0,person,0.4391,-1.5272,-3.2013
1763169997.8814938,222,3,79,toothbrush,5.1320,,18.0852
1763169997.957473,223,1,0,person,0.4510,0.1547,-2.7373
1763169997.957473,223,3,79,toothbrush,5.1320,,18.0852
1763169998.039635,224,1,0,person,0.4494,-0.0198,-2.3246
1763169998.039635,224,3,79,toothbrush,5.1320,,18.0852
1763169998.1169267,225,1,0,person,0.4494,,-2.3246
1763169998.1174343,225,3,79,toothbrush,5.1320,,18.0852
1763169998.195475,226,1,0,person,0.4585,0.1157,-1.5502
1763169998.1960096,226,3,79,toothbrush,5.1320,,18.0852
1763169998.276283,227,1,0,person,0.5175,0.7298,-1.3436
1763169998.276283,227,3,79,toothbrush,5.1320,,18.0852
1763169998.366785,228,1,0,person,0.4796,-0.4178,-0.3101
1763169998.366785,228,3,79,toothbrush,5.1320,,18.0852
1763169998.4479363,229,1,0,person,0.5284,0.6011,-0.6202
1763169998.4479363,229,3,79,toothbrush,5.1320,,18.0852
1763169998.5459595,230,1,0,person,0.5240,-0.0453,-1.5502
1763169998.6385968,231,1,0,person,0.5240,,-1.5502
1763169998.7317407,232,1,0,person,0.5800,0.6018,-0.6202
1763169998.8095765,233,1,0,person,0.5482,-0.4095,0.4652
1763169998.8888366,234,1,0,person,0.5470,-0.0152,0.9303
1763169998.9666681,235,1,0,person,0.4679,-1.0152,-0.4652
1763169999.046604,236,1,0,person,0.4679,,-0.4652
1763169999.1242397,237,1,0,person,0.4824,0.1865,1.0853
1763169999.2030327,238,1,0,person,0.4627,-0.2499,3.0467
1763169999.2030327,238,4,0,person,0.4627,,-2.3246
1763169999.2821243,239,1,0,person,0.4602,-0.0324,0.9303
1763169999.2821243,239,4,0,person,0.4585,-0.0538,-2.4794
1763169999.3576198,240,1,0,person,0.4422,-0.2378,1.3436
1763169999.3576198,240,4,0,person,0.4560,-0.0333,-2.7373
1763169999.4347699,241,1,0,person,0.4422,,1.3436
1763169999.4347699,241,4,0,person,0.4560,,-2.7373
1763169999.5167816,242,1,0,person,0.4422,,1.3436
1763169999.5177977,242,4,0,person,0.4560,,-2.7373
1763169999.6077669,243,1,0,person,0.4422,,1.3436
1763169999.608789,243,4,0,person,0.4470,-0.0988,-3.4073
1763169999.6868055,244,1,0,person,0.4422,,1.3436
1763169999.6868055,244,4,0,person,0.4510,0.0518,-3.6648
1763169999.7648904,245,1,0,person,0.4422,,1.3436
1763169999.7659047,245,4,0,person,0.4535,0.0311,-3.8192
1763169999.8558187,246,1,0,person,0.4422,,1.3436
1763169999.8573334,246,4,0,person,0.4551,0.0181,-3.4073
1763169999.938821,247,1,0,person,0.4422,,1.3436
1763169999.938821,247,4,0,person,0.4551,,-3.4073
1763170000.0168192,248,1,0,person,0.4422,,1.3436
1763170000.0178394,248,4,0,person,0.4760,0.2638,-2.2730
1763170000.1097705,249,1,0,person,0.4422,,1.3436
1763170000.1107712,249,4,0,person,0.4715,-0.0484,-1.4986
1763170000.2027829,250,1,0,person,0.4422,,1.3436
1763170000.2027829,250,4,0,person,0.4610,-0.1137,-0.6719
1763170000.2957811,251,1,0,person,0.4422,,1.3436
1763170000.2957811,251,4,0,person,0.4610,,-3.3558
1763170000.3870516,252,1,0,person,0.4422,,1.3436
1763170000.3880587,252,4,0,person,0.5069,0.4976,0.5169
1763170000.464122,253,1,0,person,0.4422,,1.3436
1763170000.464122,253,4,0,person,0.5069,,0.5169
1763170000.5445895,254,1,0,person,0.4422,,1.3436
1763170000.5445895,254,4,0,person,0.5251,0.2255,0.4652
1763170000.6197422,255,1,0,person,0.4422,,1.3436
1763170000.620755,255,4,0,person,0.5341,0.1181,0.0517
1763170000.6995707,256,1,0,person,0.4422,,1.3436
1763170000.7001042,256,4,0,person,0.5121,-0.2764,-0.1551
1763170000.7803636,257,1,0,person,0.4422,,1.3436
1763170000.7803636,257,4,0,person,0.5111,-0.0131,0.3101
1763170000.864334,258,1,0,person,0.4422,,1.3436
1763170000.865349,258,4,0,person,0.5069,-0.0489,0.2067
1763170000.95487,259,1,0,person,0.4422,,1.3436
1763170000.955855,259,4,0,person,0.5069,,0.2067
1763170001.0455756,260,1,0,person,0.4422,,1.3436
1763170001.0465953,260,4,0,person,0.5229,0.1757,0.7753
1763170001.1437001,261,1,0,person,0.4422,,1.3436
1763170001.1437001,261,4,0,person,0.5273,0.0455,0.8786
1763170001.229672,262,1,0,person,0.4422,,1.3436
1763170001.2306848,262,4,0,person,0.5482,0.2398,1.7052
1763170001.3067307,263,1,0,person,0.4422,,1.3436
1763170001.3067307,263,4,0,person,0.5175,-0.4038,0.1034
1763170001.3881671,264,1,0,person,0.4422,,1.3436
1763170001.3891842,264,4,0,person,0.5207,0.0393,-0.2584
1763170001.465335,265,1,0,person,0.4422,,1.3436
1763170001.4663613,265,4,0,person,0.5207,,-0.2584
1763170001.5456116,266,1,0,person,0.4422,,1.3436
1763170001.5456116,266,4,0,person,0.5185,-0.0273,-0.4652
1763170001.6190877,267,1,0,person,0.4422,,1.3436
1763170001.6190877,267,4,0,person,0.5307,0.1652,0.1034
1763170001.7022882,268,1,0,person,0.4422,,1.3436
1763170001.7022882,268,4,0,person,0.5229,-0.0936,-0.4652
1763170001.7793436,269,1,0,person,0.4422,,1.3436
1763170001.780359,269,4,0,person,0.5196,-0.0419,0.1034
1763170001.8886378,270,1,0,person,0.4422,,1.3436
1763170001.8886378,270,4,0,person,0.5143,-0.0495,-0.2584
1763170001.9678018,271,1,0,person,0.4422,,1.3436
1763170001.9688122,271,4,0,person,0.5143,,-0.2584
1763170002.048962,272,1,0,person,0.4422,,1.3436
1763170002.048962,272,4,0,person,0.5218,0.0940,0.1034
1763170002.1390398,273,4,0,person,0.5101,-0.1303,-0.5685
1763170002.2185137,274,4,0,person,0.4862,-0.3003,-1.8084
1763170002.2967103,275,4,0,person,0.5273,0.5258,-0.4652
1763170002.3771594,276,4,0,person,0.5175,-0.1224,-0.9303
1763170002.4550269,277,4,0,person,0.5175,,-0.9303
1763170002.5340185,278,4,0,person,0.5207,0.0410,-0.6719
1763170002.612555,279,4,0,person,0.4834,-0.4754,1.0336
1763170002.6913047,280,4,0,person,0.4075,-0.9628,-0.1034
1763170002.7711492,281,4,0,person,0.4075,,-0.1034
1763170002.8593557,282,4,0,person,0.4535,0.5208,1.6535
1763170002.936949,283,4,0,person,0.4470,-0.0838,-2.4794
1763170003.0227711,284,4,0,person,0.5240,0.8972,1.0336
1763170003.0993886,285,4,0,person,0.5240,,1.0336
1763170003.1840045,286,4,0,person,0.4834,-0.4800,-0.9303
1763170003.2763364,287,4,0,person,0.6363,1.6560,5.0522
1763170003.3677928,288,4,0,person,0.5069,-1.4140,-0.1034
1763170003.4465072,289,4,0,person,0.6189,1.4223,4.3848
1763170003.5239077,290,4,0,person,0.4376,-2.3427,-3.6133
1763170003.6000237,291,4,0,person,0.4399,0.0304,-3.7677
1763170003.6820765,292,4,0,person,0.4376,-0.0282,-3.6133
1763170003.7808511,293,4,0,person,0.4376,,-3.6133
1763170003.8649096,294,4,0,person,0.4368,-0.0091,-3.5618
1763170003.9465883,295,4,0,person,0.4345,-0.0280,-3.4073
1763170004.0416152,296,4,0,person,0.4353,0.0080,-3.4588
1763170004.117225,297,4,0,person,0.4360,0.0101,-3.5103
1763170004.2006023,298,4,0,person,0.4368,0.0092,-3.5618
1763170004.289803,299,4,0,person,0.4368,,-3.5618
1763170004.3691397,300,4,0,person,0.4360,-0.0096,-3.5103
1763170004.4500756,301,4,0,person,0.4360,,-3.5103
1763170004.5252457,302,4,0,person,0.4383,0.0306,-3.6648
1763170004.601585,303,4,0,person,0.4383,,-3.6648
1763170004.6922212,304,4,0,person,0.4414,0.0342,-3.7677
1763170004.780729,305,4,0,person,0.4414,,-3.7677
1763170004.8694153,306,4,0,person,0.4430,0.0177,-3.9735
1763170004.951516,307,4,0,person,0.4353,-0.0942,-3.4588
1763170005.0273976,308,4,0,person,0.4454,0.1332,-4.1278
1763170005.1071458,309,4,0,person,0.4470,0.0200,-4.2306
1763170005.2016528,310,4,0,person,0.4438,-0.0337,-3.8192
1763170005.2870388,311,4,0,person,0.4438,,-3.8192
1763170005.3801715,312,4,0,person,0.4454,0.0170,-3.9221
1763170005.476264,313,4,0,person,0.4462,0.0083,-3.6648
1763170005.5675504,314,4,0,person,0.4486,0.0264,-3.4073
1763170005.6593707,315,4,0,person,0.4422,-0.0693,-3.5103
1763170005.7581794,316,4,0,person,0.4407,-0.0158,-3.8192
1763170005.8327746,317,4,0,person,0.4391,-0.0208,-3.7162
1763170005.9078414,318,4,0,person,0.4407,0.0207,-3.7162
1763170006.0015538,319,4,0,person,0.4446,0.0419,-3.4588
1763170006.0795624,320,4,0,person,0.4446,,-3.4588
1763170006.1636956,321,4,0,person,0.4407,-0.0467,-3.6133
1763170006.2545204,322,4,0,person,0.4407,,-3.6133
1763170006.3316753,323,4,0,person,0.4407,,-2.4794
1763170006.4143364,324,4,0,person,0.4407,,-2.4794
1763170006.5040658,325,4,0,person,0.4353,-0.0600,-3.4588
1763170006.581083,326,4,0,person,0.4391,0.0498,-3.2013
1763170006.6628442,327,4,0,person,0.4486,0.1159,-3.2013
1763170006.751923,328,4,0,person,0.4560,0.0829,-2.7373
1763170006.8351738,329,4,0,person,0.4518,-0.0496,-2.7889
1763170006.9366841,330,4,0,person,0.4407,-0.1101,-2.6858
1763170007.0348613,331,4,0,person,0.4407,,-2.6858
1763170007.1258318,332,4,0,person,0.4796,0.4285,-1.2403
1763170007.2142632,333,4,0,person,0.4796,,-1.4469
1763170007.3066726,334,4,0,person,0.4551,-0.2652,-2.1698
1763170007.4069085,335,4,0,person,0.4824,0.2723,-1.2920
1763170007.494571,336,4,0,person,0.4881,0.0646,-1.0853
1763170007.5815182,337,4,0,person,0.4862,-0.0219,-0.9820
1763170007.6655092,338,4,0,person,0.4815,-0.0559,-1.2403
1763170007.7549064,339,4,0,person,0.4778,-0.0413,-1.4469
1763170007.8357596,340,4,0,person,0.4852,0.0920,-1.1370
1763170008.0915637,341,4,0,person,0.4834,-0.0074,-1.1370
1763170008.3002098,342,4,0,person,0.4824,-0.0045,-1.1886
1763170008.5000932,343,4,0,person,0.4834,0.0047,-1.2403
1763170008.6968422,344,4,0,person,0.4627,-0.1048,-1.8084
1763200648.5956805,114,1,0,person,0.4843,,6.2295
1763200648.5966794,114,2,0,person,0.8601,,17.4289
1763200648.709374,115,1,0,person,0.3940,-0.7941,-0.0517
1763200648.709374,115,2,0,person,0.8601,,17.4289
1763200648.8178113,116,1,0,person,0.4036,0.0882,0.9303
1763200648.8178113,116,2,0,person,0.8601,,17.4289
1763200648.9140937,117,1,0,person,0.3928,-0.1122,0.1551
1763200648.9150925,117,2,0,person,0.8601,,17.4289
1763200649.0100586,118,1,0,person,0.4150,0.2315,1.7052
1763200649.0100586,118,2,0,person,0.8601,,17.4289
1763200649.1310751,119,1,0,person,0.4143,-0.0057,1.5502
1763200649.1320782,119,2,0,person,0.8601,,17.4289
1763200649.2294686,120,1,0,person,0.4185,0.0424,1.9633
1763200649.2294686,120,2,0,person,0.8601,,17.4289
1763200649.3326852,121,1,0,person,0.4227,0.0412,2.2730
1763200649.3326852,121,2,0,person,0.8601,,17.4289
1763200649.4211774,122,1,0,person,0.5039,0.9168,7.1472
1763200649.4211774,122,2,0,person,0.8601,,17.4289
1763200649.5188112,123,1,0,person,0.5059,0.0209,7.3507
1763200649.519832,123,2,0,person,0.8601,,17.4289
1763200649.610771,124,1,0,person,0.5132,0.0792,7.4015
1763200649.6117842,124,2,0,person,0.8601,,17.4289
1763200649.707118,125,1,0,person,0.5080,-0.0542,7.5539
1763200649.707118,125,2,0,person,0.8601,,17.4289
1763200649.707118,125,3,0,person,1.1655,,-21.0217
1763200649.797578,126,1,0,person,0.5008,-0.0789,7.1981
1763200649.797578,126,2,0,person,0.8601,,17.4289
1763200649.79857,126,3,0,person,1.1655,,-21.0217
1763200649.8972201,127,1,0,person,0.5090,0.0821,7.6047
1763200649.8972201,127,2,0,person,0.8601,,17.4289
1763200649.8972201,127,3,0,person,1.1821,0.1680,-21.1567
1763200649.9850864,128,1,0,person,0.5008,-0.0931,7.0963
1763200649.9860847,128,2,0,person,0.8601,,17.4289
1763200649.9860847,128,3,0,person,1.1877,0.0633,-21.2016
1763200650.082395,129,1,0,person,0.4929,-0.0814,6.7907
1763200650.083393,129,2,0,person,0.8601,,17.4289
1763200650.083393,129,3,0,person,1.1601,-0.2838,-20.9767
1763200650.1712098,130,1,0,person,0.5029,0.1119,7.2998
1763200650.1722155,130,2,0,person,0.8601,,17.4289
1763200650.1722155,130,3,0,person,1.1601,,-20.9767
1763200650.264712,131,1,0,person,0.4988,-0.0430,7.0963
1763200650.2657065,131,2,0,person,0.8601,,17.4289
1763200650.2657065,131,3,0,person,1.1235,-0.3913,-20.6606
1763200650.3630478,132,1,0,person,0.5069,0.0825,7.5031
1763200650.3630478,132,2,0,person,0.8601,,17.4289
1763200650.3630478,132,3,0,person,1.0844,-0.4015,-20.2977
1763200650.4535456,133,1,0,person,0.5196,0.1400,8.0106
1763200650.4545596,133,2,0,person,0.8601,,17.4289
1763200650.4545596,133,3,0,person,1.0613,-0.2521,-20.0700
1763200650.5484285,134,1,0,person,0.5364,0.1767,8.7694
1763200650.5484285,134,2,0,person,0.8601,,17.4289
1763200650.5484285,134,3,0,person,1.0480,-0.1425,-19.9331
1763200650.640007,135,1,0,person,0.5364,,8.8703
1763200650.640007,135,2,0,person,0.8601,,17.4289
1763200650.640007,135,3,0,person,1.0139,-0.3721,-19.5668
1763200650.7339592,136,1,0,person,0.5458,0.0999,9.2735
1763200650.7339592,136,2,0,person,0.8601,,17.4289
1763200650.7349572,136,3,0,person,0.9520,-0.6521,-18.8292
1763200650.8235989,137,1,0,person,0.5567,0.1223,9.7260
1763200650.8235989,137,2,0,person,0.8601,,17.4289
1763200650.8235989,137,3,0,person,0.9448,-0.0814,-18.7366
1763200650.9204679,138,1,0,person,0.5567,,9.7260
1763200650.9214764,138,2,0,person,0.8601,,17.4289
1763200650.9214764,138,3,0,person,0.9341,-0.1085,-18.5974
1763200651.0160954,139,1,0,person,0.5605,0.0392,9.8766
1763200651.0160954,139,2,0,person,0.8601,,17.4289
1763200651.0160954,139,3,0,person,0.9412,0.0745,-18.6902
1763200651.1066852,140,1,0,person,0.5555,-0.0551,9.6758
1763200651.1076822,140,2,0,person,0.8601,,17.4289
1763200651.1076822,140,3,0,person,0.9377,-0.0386,-18.6438
1763200651.204156,141,1,0,person,0.5656,0.1034,9.9769
1763200651.204156,141,2,0,person,0.8601,,17.4289
1763200651.204156,141,3,0,person,0.9448,0.0736,-18.7366
1763200651.2954347,142,1,0,person,0.5669,0.0141,10.0270
1763200651.2954347,142,2,0,person,0.8601,,17.4289
1763200651.2954347,142,3,0,person,0.9412,-0.0391,-18.6902
1763200651.3907442,143,1,0,person,0.5643,-0.0269,9.9268
1763200651.3917465,143,2,0,person,0.8601,,17.4289
1763200651.3917465,143,3,0,person,0.9448,0.0370,-18.7366
1763200651.4835322,144,1,0,person,0.5643,,10.0270
1763200651.484557,144,2,0,person,0.8601,,17.4289
1763200651.484557,144,3,0,person,0.9412,-0.0384,-18.6902
1763200651.5779321,145,1,0,person,0.5518,-0.1322,9.5251
1763200651.5779321,145,3,0,person,0.9412,,-18.6902
1763200651.6732256,146,1,0,person,0.5530,0.0128,9.5753
1763200651.6732256,146,3,0,person,0.9377,-0.0371,-18.6438
1763200651.764509,147,1,0,person,0.5543,0.0135,9.6256
1763200651.764509,147,3,0,person,0.9448,0.0778,-18.7366
1763200651.858472,148,1,0,person,0.5506,-0.0391,9.4748
1763200651.8594766,148,3,0,person,0.9377,-0.0748,-18.6438
1763200651.953827,149,1,0,person,0.5482,-0.0254,9.3742
1763200651.9548304,149,3,0,person,0.9377,,-18.6438
1763200652.0504794,150,1,0,person,0.5518,0.0376,9.5251
1763200652.0504794,150,3,0,person,0.9448,0.0743,-18.7366
1763200652.1435323,151,1,0,person,0.5506,-0.0131,9.4748
1763200652.1445465,151,3,0,person,0.9412,-0.0379,-18.6902
1763200652.2334175,152,1,0,person,0.5482,-0.0269,9.3742
1763200652.2334175,152,3,0,person,0.9448,0.0401,-18.7366
1763200652.3263779,153,1,0,person,0.5518,0.0391,9.5251
1763200652.3273945,153,3,0,person,0.9412,-0.0379,-18.6902
1763200652.4207277,154,1,0,person,0.5543,0.0260,9.6256
1763200652.4217467,154,3,0,person,0.9377,-0.0375,-18.6438
1763200652.5215213,155,1,0,person,0.5518,-0.0243,9.5251
1763200652.5215213,155,3,0,person,0.9377,,-18.6438
1763200652.6293232,156,1,0,person,0.5482,-0.0337,9.3742
1763200652.6293232,156,3,0,person,0.9377,,-18.6438
1763200652.7385309,157,1,0,person,0.5318,-0.1498,8.7694
1763200652.7395446,157,3,0,person,0.9341,-0.0319,-18.5974
1763200652.846082,158,1,0,person,0.5207,-0.1032,8.1626
1763200652.846082,158,3,0,person,0.9307,-0.0327,-18.5510
1763200652.93604,159,1,0,person,0.5387,0.2000,8.9712
1763200652.93604,159,3,0,person,0.9307,,-18.5510
1763200653.0256398,160,1,0,person,0.5446,0.0656,9.2232
1763200653.0266616,160,3,0,person,0.9272,-0.0382,-18.5045
1763200653.1239893,161,1,0,person,0.5482,0.0365,9.3742
1763200653.1239893,161,3,0,person,0.9272,,-18.5045
1763200653.2212203,162,1,0,person,0.5446,-0.0369,9.3239
1763200653.2212203,162,3,0,person,0.9272,,-18.5045
1763200653.310708,163,1,0,person,0.5482,0.0401,9.3742
1763200653.311707,163,3,0,person,0.9341,0.0768,-18.5974
1763200653.4064713,164,1,0,person,0.5482,,9.4748
1763200653.4064713,164,3,0,person,0.9307,-0.0368,-18.5510
1763200653.4950175,165,1,0,person,0.5506,0.0273,9.4748
1763200653.4960392,165,3,0,person,0.9341,0.0389,-18.5974
1763200653.5892713,166,1,0,person,0.5555,0.0520,9.6758
1763200653.5902755,166,3,0,person,0.9341,,-18.5974
1763200653.6810086,167,1,0,person,0.5506,-0.0535,9.4748
1763200653.6810086,167,3,0,person,0.9377,0.0387,-18.6438
1763200653.775922,168,1,0,person,0.5446,-0.0633,9.2232
1763200653.7769294,168,3,0,person,0.9377,,-18.6438
1763200653.8701503,169,1,0,person,0.5482,0.0381,9.3742
1763200653.8701503,169,3,0,person,0.9377,,-18.6438
1763200653.9724736,170,1,0,person,0.5506,0.0237,9.4748
1763200653.9724736,170,3,0,person,0.9377,,-18.6438
1763200654.0692918,171,1,0,person,0.5494,-0.0125,9.4245
1763200654.0692918,171,3,0,person,0.9341,-0.0363,-18.5974
1763200654.1825447,172,1,0,person,0.5482,-0.0107,9.3742
1763200654.1825447,172,3,0,person,0.9377,0.0310,-18.6438
1763200654.2898715,173,1,0,person,0.5470,-0.0112,9.3239
1763200654.2898715,173,3,0,person,0.9377,,-18.6438
1763200654.3959138,174,1,0,person,0.5518,0.0456,9.5251
1763200654.3959138,174,3,0,person,0.9341,-0.0331,-18.5974
1763200654.4831553,175,1,0,person,0.5543,0.0281,9.6256
1763200654.4841537,175,3,0,person,0.9377,0.0398,-18.6438
1763200654.5745723,176,1,0,person,0.5530,-0.0134,9.5753
1763200654.5755723,176,3,0,person,0.9377,,-18.6438
1763200654.673559,177,1,0,person,0.5518,-0.0124,9.5251
1763200654.673559,177,3,0,person,0.9377,,-18.6438
1763200654.7620444,178,1,0,person,0.5494,-0.0275,9.4245
1763200654.7630584,178,3,0,person,0.9412,0.0395,-18.6902
1763200654.8567722,179,1,0,person,0.5482,-0.0127,9.3742
1763200654.8577707,179,3,0,person,0.9377,-0.0374,-18.6438
1763200654.8577707,179,4,0,person,5.6685,,26.9665
1763200654.950369,180,1,0,person,0.5530,0.0519,9.5753
1763200654.950369,180,3,0,person,0.9412,0.0382,-18.6902
1763200654.9513786,180,4,0,person,5.5426,-1.3457,27.0076
1763200655.049404,181,1,0,person,0.5506,-0.0247,9.4748
1763200655.049939,181,3,0,person,0.9377,-0.0355,-18.6438
1763200655.049939,181,4,0,person,5.5426,,27.0076
1763200655.139535,182,1,0,person,0.5543,0.0407,9.6256
1763200655.139535,182,3,0,person,0.9377,,-18.6438
1763200655.139535,182,4,0,person,5.5426,,27.0076
1763200655.2338486,183,1,0,person,0.5669,0.1336,10.0270
1763200655.2352395,183,3,0,person,0.9341,-0.0367,-18.5974
1763200655.2352395,183,4,0,person,5.6685,1.3162,26.9665
1763200655.3273003,184,1,0,person,0.5643,-0.0274,9.9268
1763200655.328298,184,3,0,person,0.9377,0.0377,-18.6438
1763200655.328298,184,4,0,person,5.5426,-1.3536,26.9255
1763200655.422982,185,1,0,person,0.5656,0.0134,9.9769
1763200655.422982,185,3,0,person,0.9412,0.0374,-18.6902
1763200655.422982,185,4,0,person,5.6685,1.3304,26.9665
1763200655.5178576,186,1,0,person,0.5656,,9.9769
1763200655.518857,186,3,0,person,0.9412,,-18.6902
1763200655.518857,186,4,0,person,5.5426,-1.3139,26.9255
1763200655.6098332,187,1,0,person,0.5669,0.0140,10.0270
1763200655.6108527,187,3,0,person,0.9377,-0.0385,-18.6438
1763200655.6108527,187,4,0,person,5.4221,-1.3097,26.9665
1763200655.70533,188,1,0,person,0.5669,,10.0270
1763200655.70533,188,3,0,person,0.9377,,-18.6438
1763200655.70533,188,4,0,person,5.4221,,26.9665
1763200655.7943323,189,1,0,person,0.5669,,10.0270
1763200655.795331,189,3,0,person,0.9341,-0.0390,-18.5974
1763200655.795331,189,4,0,person,5.5426,1.3388,26.9255
1763200655.8903623,190,1,0,person,0.5643,-0.0267,9.9268
1763200655.8903623,190,3,0,person,0.9377,0.0370,-18.6438
1763200655.8913617,190,4,0,person,5.5426,,26.9255
1763200655.9865885,191,1,0,person,0.5643,,9.9268
1763200655.9865885,191,3,0,person,0.9377,,-18.6438
1763200655.9875855,191,4,0,person,5.4221,-1.2522,26.9665
1763200656.0801558,192,1,0,person,0.5656,0.0137,9.9769
1763200656.081131,192,3,0,person,0.9341,-0.0371,-18.5974
1763200656.081131,192,4,0,person,5.4221,,26.9665
1763200656.1746833,193,1,0,person,0.5643,-0.0135,9.9268
1763200656.175692,193,3,0,person,0.9341,,-18.5974
1763200656.175692,193,4,0,person,5.5426,1.2742,26.9255
1763200656.268359,194,1,0,person,0.5669,0.0274,10.0270
1763200656.268359,194,3,0,person,0.9272,-0.0749,-18.5045
1763200656.268359,194,4,0,person,5.5426,,26.9255
1763200656.3638234,195,1,0,person,0.5656,-0.0135,9.9769
1763200656.3638234,195,3,0,person,0.9272,,-18.5045
1763200656.3648176,195,4,0,person,5.5426,,26.9255
1763200656.4545808,196,1,0,person,0.5643,-0.0141,9.9268
1763200656.4555962,196,3,0,person,0.9307,0.0377,-18.5510
1763200656.4555962,196,4,0,person,5.5426,,26.8432
1763200656.548099,197,1,0,person,0.5643,,9.9268
1763200656.5490985,197,3,0,person,0.9307,,-18.5510
1763200656.5490985,197,4,0,person,5.9385,4.2341,26.8021
1763200656.6419685,198,1,0,person,0.5643,,9.9268
1763200656.6419685,198,3,0,person,0.9272,-0.0373,-18.5045
1763200656.6429625,198,4,0,person,5.8004,-1.4713,26.8432
1763200656.7348828,199,1,0,person,0.5669,0.0276,10.0270
1763200656.7348828,199,3,0,person,0.9307,0.0372,-18.5510
1763200656.7358844,199,4,0,person,5.8004,,26.8432
1763200656.828168,200,1,0,person,0.5656,-0.0138,9.9769
1763200656.829181,200,3,0,person,0.9307,,-18.5510
1763200656.829181,200,4,0,person,5.8004,,26.8432
1763200656.9214551,201,1,0,person,0.5656,,9.9769
1763200656.9214551,201,3,0,person,0.9272,-0.0375,-18.5045
1763200656.9214551,201,4,0,person,5.6685,-1.4286,26.8021
1763200657.0177047,202,1,0,person,0.5669,0.0134,10.0270
1763200657.0177047,202,3,0,person,0.9272,,-18.5045
1763200657.01876,202,4,0,person,5.4221,-2.5328,26.8021
1763200657.1104076,203,1,0,person,0.5656,-0.0139,9.9769
1763200657.1104076,203,3,0,person,0.9272,,-18.5045
1763200657.1104076,203,4,0,person,5.5426,1.3147,26.8432
1763200657.2053092,204,1,0,person,0.5643,-0.0135,9.9268
1763200657.2053092,204,3,0,person,0.9272,,-18.5045
1763200657.2063062,204,4,0,person,5.6685,1.3135,26.7196
1763200657.2981384,205,1,0,person,0.5630,-0.0137,9.8766
1763200657.2981384,205,3,0,person,0.9272,,-18.5045
1763200657.2981384,205,4,0,person,5.6685,,26.7196
1763200657.392086,206,1,0,person,0.5643,0.0136,9.9268
1763200657.393085,206,3,0,person,0.9307,0.0364,-18.5510
1763200657.394086,206,4,0,person,5.5426,-1.3129,26.7609
1763200657.4883554,207,1,0,person,0.5530,-0.1170,9.5753
1763200657.4883554,207,3,0,person,0.9307,,-18.5510
1763200657.4893582,207,4,0,person,5.3067,-2.4756,26.7609
1763200657.5792513,208,1,0,person,0.5506,-0.0269,9.4748
1763200657.5792513,208,3,0,person,0.9272,-0.0381,-18.5045
1763200657.58025,208,4,0,person,5.3067,,26.7609
1763200657.6769354,209,1,0,person,0.5656,0.1534,9.9769
1763200657.6769354,209,3,0,person,0.9272,,-18.5045
1763200657.6779373,209,4,0,person,5.3067,,26.7609
1763200657.7673075,210,1,0,person,0.5656,,9.9769
1763200657.7673075,210,3,0,person,0.9341,0.0769,-18.5974
1763200657.7683046,210,4,0,person,5.3067,,26.7609
1763200657.8597004,211,1,0,person,0.5643,-0.0138,10.0270
1763200657.8597004,211,3,0,person,0.9341,,-18.5974
1763200657.8606982,211,4,0,person,5.3067,,26.7609
1763200657.9505198,212,1,0,person,0.5656,0.0141,10.0771
1763200657.9520319,212,3,0,person,0.9341,,-18.5974
1763200657.9520319,212,4,0,person,5.3067,,26.7609
1763200658.0502825,213,1,0,person,0.5643,-0.0128,9.9268
1763200658.0512865,213,3,0,person,0.9307,-0.0351,-18.5510
1763200658.0512865,213,4,0,person,5.3067,,26.7609
1763200658.1396258,214,1,0,person,0.5630,-0.0143,9.9769
1763200658.1406243,214,3,0,person,0.9307,,-18.5510
1763200658.1406243,214,4,0,person,5.3067,,26.7609
1763200658.2332175,215,1,0,person,0.5617,-0.0135,9.8264
1763200658.234234,215,3,0,person,0.9307,,-18.5510
1763200658.234234,215,4,0,person,5.3067,,26.7609
1763200658.3269644,216,1,0,person,0.5617,,9.9268
1763200658.3269644,216,3,0,person,0.9412,0.1136,-18.6902
1763200658.3269644,216,4,0,person,5.8004,5.3235,26.7609
1763200658.4215074,217,1,0,person,0.5643,0.0269,10.0270
1763200658.4225097,217,3,0,person,0.9483,0.0749,-18.7829
1763200658.4225097,217,4,0,person,6.0833,2.9614,26.7609
1763200658.5207798,218,1,0,person,0.5630,-0.0128,9.9769
1763200658.5207798,218,3,0,person,0.9483,,-18.7829
1763200658.5218022,218,4,0,person,6.0833,,26.7609
1763200658.612471,219,1,0,person,0.5643,0.0139,10.0270
1763200658.6134782,219,3,0,person,0.9448,-0.0388,-18.7366
1763200658.6134782,219,4,0,person,6.0833,,26.7609
1763200658.7046065,220,1,0,person,0.5643,,9.9268
1763200658.7056053,220,3,0,person,0.9483,0.0390,-18.7829
1763200658.7056053,220,4,0,person,6.0833,,26.7609
1763200658.7951386,221,1,0,person,0.5630,-0.0141,9.8766
1763200658.7951386,221,3,0,person,0.9448,-0.0401,-18.7366
1763200658.7961376,221,4,0,person,6.0833,,26.7609
1763200658.8969076,222,1,0,person,0.5707,0.0760,10.1773
1763200658.8979058,222,3,0,person,0.9341,-0.1033,-18.5974
1763200658.8979058,222,4,0,person,6.0833,,26.7609
1763200659.0081859,223,1,0,person,0.5567,-0.1259,9.7260
1763200659.0091846,223,3,0,person,0.9272,-0.0624,-18.5045
1763200659.0091846,223,4,0,person,6.0833,,26.7609
1763200659.113625,224,1,0,person,0.5580,0.0118,9.7762
1763200659.114628,224,3,0,person,0.9238,-0.0326,-18.4580
1763200659.114628,224,4,0,person,6.0833,,26.7609
1763200659.203699,225,1,0,person,0.5734,0.1709,10.3775
1763200659.203699,225,3,0,person,0.9238,,-18.4580
1763200659.203699,225,4,0,person,6.0833,,26.7609
1763200659.2996602,226,1,0,person,0.5592,-0.1474,9.8264
1763200659.3006752,226,3,0,person,0.9238,,-18.4580
1763200659.3006752,226,4,0,person,6.0833,,26.7609
1763200659.414956,227,1,0,person,0.5694,0.0886,10.2274
1763200659.414956,227,3,0,person,0.9204,-0.0298,-18.4115
1763200659.415964,227,4,0,person,6.0833,,26.7609
1763200659.5259564,228,1,0,person,0.5643,-0.0464,10.0270
1763200659.5259564,228,3,0,person,0.9103,-0.0908,-18.2718
1763200659.5269413,228,4,0,person,6.0833,,26.7609
1763200659.6256528,229,1,0,person,0.5827,0.1851,10.7272
1763200659.6256528,229,3,0,person,0.9170,0.0671,-18.3649
1763200659.6256528,229,4,0,person,6.0833,,26.7609
1763200659.7137911,230,1,0,person,0.5855,0.0310,10.8269
1763200659.7148008,230,3,0,person,0.9136,-0.0377,-18.3184
1763200659.7148008,230,4,0,person,6.0833,,26.7609
1763200659.8073697,231,1,0,person,0.5800,-0.0582,10.6273
1763200659.8073697,231,3,0,person,0.9004,-0.1425,-18.1319
1763200659.8083694,231,4,0,person,6.0833,,26.7609
1763200659.9093719,232,1,0,person,0.5827,0.0266,10.7272
1763200659.9093719,232,3,0,person,0.9037,0.0320,-18.1785
1763200659.9104047,232,4,0,person,6.0833,,26.7609
1763200660.0167775,233,1,0,person,0.5774,-0.0502,10.5274
1763200660.0167775,233,3,0,person,0.9004,-0.0304,-18.1319
1763200660.0167775,233,4,0,person,6.0833,,26.7609
1763200660.1216295,234,1,0,person,0.5760,-0.0127,10.4775
1763200660.1226237,234,3,0,person,0.9004,,-18.1319
1763200660.1226237,234,4,0,person,6.0833,,26.7609
1763200660.2373548,235,1,0,person,0.5827,0.0581,10.7272
1763200660.2373548,235,3,0,person,0.9037,0.0284,-18.1785
1763200660.2383628,235,4,0,person,6.0833,,26.7609
1763200660.3278322,236,1,0,person,0.5827,,10.7272
1763200660.3288364,236,3,0,person,0.9070,0.0359,-18.2252
1763200660.3288364,236,4,0,person,6.0833,,26.7609
1763200660.4211962,237,1,0,person,0.5567,-0.2786,9.7260
1763200660.4221916,237,3,0,person,0.9204,0.1434,-18.4115
1763200660.4221916,237,4,0,person,6.0833,,26.7609
1763200660.514333,238,1,0,person,0.5555,-0.0133,9.6758
1763200660.514333,238,3,0,person,0.9204,,-18.4115
1763200660.5153298,238,4,0,person,6.0833,,26.7609
1763200660.608416,239,1,0,person,0.5470,-0.0906,9.3239
1763200660.609445,239,3,0,person,0.9136,-0.0709,-18.3184
1763200660.609445,239,4,0,person,6.0833,,26.7609
1763200660.7033055,240,1,0,person,0.5458,-0.0126,9.2735
1763200660.7046945,240,3,0,person,0.9204,0.0708,-18.4115
1763200660.7046945,240,4,0,person,6.0833,,26.7609
1763200660.7983866,241,1,0,person,0.5518,0.0635,9.5251
1763200660.7983866,241,3,0,person,0.9238,0.0364,-18.4580
1763200660.7983866,241,4,0,person,6.5636,5.1259,26.2226
1763200660.889881,242,1,0,person,0.5567,0.0538,9.7260
1763200660.889881,242,3,0,person,0.9238,,-18.4580
1763200660.8908818,242,4,0,person,6.5636,,26.2226
1763200660.9882307,243,1,0,person,0.5669,0.1029,10.2274
1763200660.9892442,243,3,0,person,0.9272,0.0346,-18.5045
1763200660.9892442,243,4,0,person,6.5636,,26.2226
1763200661.0923717,244,1,0,person,0.5506,-0.1562,9.5753
1763200661.0923717,244,3,0,person,0.9238,-0.0333,-18.4580
1763200661.0933867,244,4,0,person,6.5636,,26.2226
1763200661.1823118,245,1,0,person,0.5494,-0.0135,9.4245
1763200661.1833277,245,3,0,person,0.9238,,-18.4580
1763200661.1833277,245,4,0,person,6.5636,,26.2226
1763200661.2765477,246,1,0,person,0.5410,-0.0885,9.1728
1763200661.277559,246,3,0,person,0.9170,-0.0721,-18.3649
1763200661.277559,246,4,0,person,6.5636,,26.2226
1763200661.3778937,247,1,0,person,0.5482,0.0704,9.4748
1763200661.378891,247,3,0,person,0.9170,,-18.3649
1763200661.378891,247,4,0,person,6.5636,,26.2226
1763200661.488389,248,1,0,person,0.5518,0.0329,9.6256
1763200661.488389,248,3,0,person,0.9170,,-18.3649
1763200661.489416,248,4,0,person,6.5636,,26.2226
1763200661.586103,249,1,0,person,0.5567,0.0504,9.8264
1763200661.586103,249,3,0,person,0.9204,0.0346,-18.4115
1763200661.586103,249,4,0,person,6.5636,,26.2226
1763200661.6772847,250,1,0,person,0.5530,-0.0406,9.5753
1763200661.6772847,250,3,0,person,0.9204,,-18.4115
1763200661.678714,250,4,0,person,6.5636,,26.2226
1763200661.7713063,251,1,0,person,0.5580,0.0526,9.7762
1763200661.7723176,251,3,0,person,0.9238,0.0359,-18.4580
1763200661.7723176,251,4,0,person,6.5636,,26.2226
1763200661.8778973,252,1,0,person,0.5707,0.1198,10.3775
1763200661.8778973,252,3,0,person,0.9307,0.0653,-18.5510
1763200661.8789234,252,4,0,person,6.5636,,26.2226
1763200661.9900684,253,1,0,person,0.5707,,10.3775
1763200661.9900684,253,3,0,person,0.9307,,-18.5510
1763200661.9910657,253,4,0,person,6.5636,,26.2226
1763200662.0970962,254,1,0,person,0.5707,,10.2774
1763200662.0970962,254,3,0,person,0.9307,,-18.5510
1763200662.098101,254,4,0,person,6.5636,,26.2226
1763200662.2008984,255,1,0,person,0.5707,,10.2774
1763200662.2008984,255,3,0,person,0.9136,-0.1642,-18.3184
1763200662.2018955,255,4,0,person,6.5636,,26.2226
1763200662.2948475,256,1,0,person,0.5734,0.0279,10.3775
1763200662.295875,256,3,0,person,0.9136,,-18.3184
1763200662.295875,256,4,0,person,6.5636,,26.2226
1763200662.3836112,257,1,0,person,0.6174,0.4957,11.9198
1763200662.3846226,257,3,0,person,0.9520,0.4322,-16.4831
1763200662.3846226,257,4,0,person,6.5636,,26.2226
1763200662.476279,258,1,0,person,0.5707,-0.5031,10.3775
1763200662.476279,258,3,0,person,0.9004,-0.5624,-18.1319
1763200662.4772644,258,4,0,person,6.5636,,26.2226
1763200662.570633,259,1,0,person,0.5760,0.0559,10.5774
1763200662.570633,259,3,0,person,0.9004,,-18.1319
1763200662.5716314,259,4,0,person,6.5636,,26.2226
1763200662.6612618,260,1,0,person,0.5787,0.0295,10.6773
1763200662.6622822,260,3,0,person,0.8972,-0.0353,-18.0852
1763200662.6622822,260,4,0,person,6.5636,,26.2226
1763200662.7547395,261,1,0,person,0.5760,-0.0286,10.4775
1763200662.756277,261,3,0,person,0.8972,,-18.0852
1763200662.756277,261,4,0,person,6.5636,,26.2226
1763200662.8504272,262,1,0,person,0.5787,0.0279,10.5774
1763200662.8514268,262,3,0,person,0.9004,0.0340,-18.1319
1763200662.8514268,262,4,0,person,6.5636,,26.2226
1763200662.9415905,263,1,0,person,0.5787,,10.6773
1763200662.9426055,263,3,0,person,0.8972,-0.0355,-18.0852
1763200662.9426055,263,4,0,person,6.5636,,26.2226
1763200663.0401857,264,1,0,person,0.5774,-0.0136,10.5274
1763200663.0401857,264,3,0,person,0.8940,-0.0330,-18.0384
1763200663.0411832,264,4,0,person,6.5636,,26.2226
1763200663.1298957,265,1,0,person,0.5774,,10.5274
1763200663.1298957,265,3,0,person,0.8940,,-18.0384
1763200663.1308916,265,4,0,person,6.5636,,26.2226
1763200663.2306342,266,1,0,person,0.5814,0.0401,10.6773
1763200663.231637,266,3,0,person,0.8940,,-18.0384
1763200663.2326362,266,4,0,person,6.5636,,26.2226
1763200663.320697,267,1,0,person,0.5760,-0.0596,10.4775
1763200663.3222172,267,3,0,person,0.8940,,-18.0384
1763200663.3222172,267,4,0,person,6.5636,,26.2226
1763200663.4134686,268,1,0,person,0.5747,-0.0143,10.4275
1763200663.4134686,268,3,0,person,0.8908,-0.0350,-17.9917
1763200663.4134686,268,4,0,person,6.5636,,26.2226
1763200663.5059931,269,1,0,person,0.5747,,10.4275
1763200663.507006,269,3,0,person,0.8940,0.0341,-18.0384
1763200663.507006,269,4,0,person,6.5636,,26.2226
1763200663.597793,270,1,0,person,0.5734,-0.0144,10.4775
1763200663.599304,270,3,0,person,0.8972,0.0348,-18.0852
1763200663.599304,270,4,0,person,6.5636,,26.2226
1763200663.6929386,271,1,0,person,0.5707,-0.0276,10.3775
1763200663.6929386,271,3,0,person,0.8972,,-18.0852
1763200663.6939256,271,4,0,person,6.5636,,26.2226
1763200663.7878478,272,1,0,person,0.5747,0.0416,10.4275
1763200663.7878478,272,3,0,person,0.8940,-0.0339,-18.0384
1763200663.8850296,273,1,0,person,0.5760,0.0137,10.4775
1763200663.8850296,273,3,0,person,0.8908,-0.0329,-17.9917
1763200664.0034513,274,1,0,person,0.5747,-0.0112,10.4275
1763200664.0034513,274,3,0,person,0.8940,0.0270,-18.0384
1763200664.107159,275,1,0,person,0.5747,,10.4275
1763200664.107159,275,3,0,person,0.8940,,-18.0384
1763200664.2167501,276,1,0,person,0.5814,0.0611,10.6773
1763200664.2177541,276,3,0,person,0.8940,,-18.0384
1763200664.3216338,277,1,0,person,0.5721,-0.0890,10.3275
1763200664.3226326,277,3,0,person,0.9070,0.1240,-18.2252
1763200664.4126127,278,1,0,person,0.5774,0.0582,10.5274
1763200664.4126127,278,3,0,person,0.9070,,-18.2252
1763200664.5088758,279,1,0,person,0.5734,-0.0414,10.3775
1763200664.5088758,279,3,0,person,0.9070,,-18.2252
1763200664.635026,280,1,0,person,0.5656,-0.0618,10.1773
1763200664.635026,280,3,0,person,0.8972,-0.0776,-18.0852
1763200664.738337,281,1,0,person,0.5747,0.0883,10.5274
1763200664.73935,281,3,0,person,0.8972,,-18.0852
1763200664.830919,282,1,0,person,0.5774,0.0287,10.6273
1763200664.8319283,282,3,0,person,0.9004,0.0350,-17.9449
1763200664.9226816,283,1,0,person,0.5774,,10.5274
1763200664.9236963,283,3,0,person,0.9520,0.5617,-17.3347
1763200665.0178096,284,1,0,person,0.5734,-0.0419,10.3775
1763200665.0187953,284,3,0,person,1.0349,0.8723,-16.5306
1763200665.0187953,284,5,67,cell phone,5.6557,,15.4799
1763200665.1140957,285,1,0,person,0.5721,-0.0137,10.3275
1763200665.1140957,285,3,0,person,0.9103,-1.3079,-18.2718
1763200665.1140957,285,5,67,cell phone,5.6557,,15.4799
1763200665.2091126,286,1,0,person,0.5707,-0.0138,10.2774
1763200665.2101161,286,3,0,person,0.9136,0.0347,-18.3184
1763200665.2101161,286,5,67,cell phone,5.6557,,15.4799
1763200665.3231733,287,1,0,person,0.5721,0.0115,10.3275
1763200665.3231733,287,3,0,person,0.9170,0.0297,-18.3649
1763200665.3241653,287,5,67,cell phone,6.0245,3.2341,15.8154
1763200665.4456038,288,1,0,person,0.5694,-0.0213,10.2274
1763200665.4456038,288,3,0,person,0.9238,0.0555,-18.4580
1763200665.4456038,288,5,67,cell phone,6.0245,,15.8154
1763200665.5953422,289,1,0,person,0.5656,-0.0259,10.0771
1763200665.5963557,289,3,0,person,0.9307,0.0457,-18.5510
1763200665.5963557,289,5,67,cell phone,6.0245,,15.8154
1763200665.6958172,290,1,0,person,0.5656,,10.0771
1763200665.6968317,290,3,0,person,0.9272,-0.0344,-18.5045
1763200665.6968317,290,5,67,cell phone,6.0245,,15.8154
1763200665.808006,291,1,0,person,0.5617,-0.0341,10.0270
1763200665.8090205,291,3,0,person,0.9272,,-18.5045
1763200665.8090205,291,5,67,cell phone,6.0245,,15.8154
1763200665.9202533,292,1,0,person,0.5630,0.0113,10.0771
1763200665.9202533,292,3,0,person,0.9307,0.0311,-18.5510
1763200665.9212458,292,5,67,cell phone,6.0245,,15.8154
1763200666.0351994,293,1,0,person,0.5656,0.0222,10.0771
1763200666.0351994,293,3,0,person,0.9307,,-18.5510
1763200666.0361986,293,5,67,cell phone,6.0245,,15.8154
1763200666.1397607,294,1,0,person,0.5643,-0.0122,10.0270
1763200666.140769,294,3,0,person,0.9307,,-18.5510
1763200666.140769,294,5,67,cell phone,6.0245,,15.8154
1763200666.259469,295,1,0,person,0.5630,-0.0106,10.0771
1763200666.2604718,295,3,0,person,0.9341,0.0291,-18.5974
1763200666.2604718,295,5,67,cell phone,6.0245,,15.8154
1763200666.3765638,296,1,0,person,0.5643,0.0109,10.1272
1763200666.3765638,296,3,0,person,0.9341,,-18.5974
1763200666.3775618,296,5,67,cell phone,6.0245,,15.8154
1763200666.4863315,297,1,0,person,0.5592,-0.0461,9.8264
1763200666.4863315,297,3,0,person,0.9272,-0.0633,-18.5045
1763200666.487331,297,5,67,cell phone,6.0245,,15.8154
1763200666.5916758,298,1,0,person,0.5580,-0.0119,9.7762
1763200666.5926914,298,3,0,person,0.9272,,-18.5045
1763200666.5926914,298,5,67,cell phone,6.0245,,15.8154
1763200666.722915,299,1,0,person,0.5592,0.0095,9.8264
1763200666.7239468,299,3,0,person,0.9307,0.0264,-18.5510
1763200666.7239468,299,5,67,cell phone,6.0245,,15.8154
1763200666.8243172,300,1,0,person,0.5617,0.0248,9.9268
1763200666.8253171,300,3,0,person,0.9307,,-18.5510
1763200666.8253171,300,5,67,cell phone,6.0245,,15.8154
1763200666.9388776,301,1,0,person,0.5643,0.0222,10.0270
1763200666.9388776,301,3,0,person,0.9307,,-18.5510
1763200666.9398777,301,5,67,cell phone,6.0245,,15.8154
1763200667.0468392,302,1,0,person,0.5669,0.0238,10.1272
1763200667.0468392,302,3,0,person,0.9307,,-18.5510
1763200667.0468392,302,5,67,cell phone,6.0245,,15.8154
1763200667.1510224,303,1,0,person,0.5669,,10.1272
1763200667.1510224,303,3,0,person,0.9341,0.0335,-18.5974
1763200667.1520214,303,5,67,cell phone,6.0245,,15.8154
1763200667.2663991,304,1,0,person,0.5592,-0.0661,9.8264
1763200667.2663991,304,3,0,person,0.9272,-0.0602,-18.5045
1763200667.2679312,304,5,67,cell phone,6.0245,,15.8154
1763200667.3697412,305,1,0,person,0.5669,0.0738,10.2274
1763200667.3707194,305,3,0,person,0.9307,0.0332,-18.5510
1763200667.37172,305,5,67,cell phone,6.0245,,15.8154
1763200667.4788184,306,1,0,person,0.5656,-0.0118,10.1773
1763200667.479816,306,3,0,person,0.9307,,-18.5510
1763200667.479816,306,5,67,cell phone,6.0245,,15.8154
1763200667.5868006,307,1,0,person,0.5630,-0.0236,10.0771
1763200667.5868006,307,3,0,person,0.9272,-0.0323,-18.5045
1763200667.5878022,307,5,67,cell phone,6.0245,,15.8154
1763200667.7011676,308,1,0,person,0.5656,0.0223,10.1773
1763200667.7011676,308,3,0,person,0.9272,,-18.5045
1763200667.7011676,308,5,67,cell phone,6.0245,,15.8154
1763200667.8063636,309,1,0,person,0.5721,0.0617,10.3275
1763200667.8073742,309,3,0,person,0.9341,0.0654,-18.5974
1763200667.8073742,309,5,67,cell phone,6.0245,,15.8154
1763200667.916464,310,1,0,person,0.5694,-0.0237,10.2274
1763200667.916464,310,3,0,person,0.9377,0.0322,-18.6438
1763200667.9174635,310,5,67,cell phone,6.0245,,15.8154
1763200668.0305374,311,1,0,person,0.5567,-0.1114,9.8264
1763200668.0305374,311,3,0,person,0.9412,0.0310,-18.6902
1763200668.0315351,311,5,67,cell phone,6.0245,,15.8154
1763200668.13504,312,1,0,person,0.5747,0.1719,10.5274
1763200668.1360416,312,3,0,person,0.9377,-0.0335,-18.6438
1763200668.1360416,312,5,67,cell phone,6.0245,,15.8154
1763200668.2405045,313,1,0,person,0.5482,-0.2515,9.3742
1763200668.2405045,313,3,0,person,0.9377,,-18.6438
1763200668.2415018,313,5,67,cell phone,6.0245,,15.8154
1763200668.3504138,314,1,0,person,0.5734,0.2293,10.3775
1763200668.3504138,314,3,0,person,0.9412,0.0322,-18.6902
1763200668.3514054,314,5,67,cell phone,6.0245,,15.8154
1763200668.4646738,315,1,0,person,0.5774,0.0348,10.6273
1763200668.4646738,315,3,0,person,0.9412,,-18.6902
1763200668.4656754,315,5,67,cell phone,6.0245,,15.8154
1763200668.5621696,316,1,0,person,0.5869,0.0975,10.9764
1763200668.5636039,316,3,0,person,0.9412,,-18.6902
1763200668.5646193,316,5,67,cell phone,6.0245,,15.8154
1763200668.685015,317,1,0,person,0.5827,-0.0335,10.7272
1763200668.686002,317,3,0,person,0.9412,,-18.6902
1763200668.686002,317,5,67,cell phone,6.0245,,15.8154
1763200668.7880208,318,1,0,person,0.5800,-0.0263,10.7272
1763200668.7890112,318,3,0,person,0.9412,,-18.6902
1763200668.9004178,319,1,0,person,0.5841,0.0363,10.8768
1763200668.9014163,319,3,0,person,0.9412,,-18.6902
1763200669.0073135,320,1,0,person,0.5787,-0.0507,10.6773
1763200669.0083115,320,3,0,person,0.9412,,-18.6902
1763200669.1160867,321,1,0,person,0.5543,-0.2246,9.6256
1763200669.1160867,321,3,0,person,0.9412,,-18.6902
1763200669.2112563,322,1,0,person,0.5747,0.2147,10.4275
1763200669.2122555,322,3,0,person,0.9412,,-18.6902
1763200669.3071766,323,1,0,person,0.5760,0.0138,10.5774
1763200669.3071766,323,3,0,person,0.9448,0.0376,-18.7366
1763200669.4192767,324,1,0,person,0.5721,-0.0354,10.3275
1763200669.4202747,324,3,0,person,0.9448,,-18.7366
1763200669.5228148,325,1,0,person,0.5760,0.0383,10.4775
1763200669.5228148,325,3,0,person,0.9448,,-18.7366
1763200669.6365,326,1,0,person,0.5543,-0.1914,9.6256
1763200669.63749,326,3,0,person,0.9448,,-18.7366
1763200669.7399204,327,1,0,person,0.5814,0.2623,10.6773
1763200669.7399204,327,3,0,person,0.9448,,-18.7366
1763200669.852801,328,1,0,person,0.5827,0.0120,10.7272
1763200669.8537982,328,3,0,person,0.9483,0.0315,-18.7829
1763200669.963206,329,1,0,person,0.5800,-0.0246,10.5274
1763200669.963206,329,3,0,person,0.9483,,-18.7829
1763200670.074194,330,1,0,person,0.5774,-0.0242,10.5274
1763200670.074194,330,3,0,person,0.9341,-0.1280,-18.5974
1763200670.1822128,331,1,0,person,0.5827,0.0500,10.6273
1763200670.1832075,331,3,0,person,0.9307,-0.0320,-18.5510
1763200670.2882419,332,1,0,person,0.5827,,10.6273
1763200670.2882419,332,3,0,person,0.9341,0.0332,-18.5974
1763200670.3941905,333,1,0,person,0.5747,-0.0760,10.4275
1763200670.3941905,333,3,0,person,0.9377,0.0331,-18.6438
1763200670.5124238,334,1,0,person,0.5721,-0.0223,10.3275
1763200670.5134168,334,3,0,person,0.9412,0.0297,-18.6902
1763200670.6144738,335,1,0,person,0.5787,0.0650,10.5774
1763200670.6144738,335,3,0,person,0.9412,,-18.6902
1763200670.725003,336,1,0,person,0.5734,-0.0481,10.3775
1763200670.7260065,336,3,0,person,0.9448,0.0320,-18.7366
1763200670.8303063,337,1,0,person,0.5869,0.1281,10.7771
1763200670.8313205,337,3,0,person,0.9341,-0.1008,-18.5974
1763200670.939337,338,1,0,person,0.5855,-0.0126,10.7272
1763200670.939337,338,3,0,person,0.9377,0.0325,-18.6438
1763200671.0526667,339,1,0,person,0.5787,-0.0599,10.5774
1763200671.0536728,339,3,0,person,0.9307,-0.0612,-18.5510
1763200671.1658854,340,1,0,person,0.5814,0.0238,10.5774
1763200671.1658854,340,3,0,person,0.9377,0.0624,-18.6438
1763200671.2692542,341,1,0,person,0.5855,0.0396,10.8269
1763200671.2692542,341,3,0,person,0.9307,-0.0677,-18.5510
1763200671.3789003,342,1,0,person,0.5681,-0.1581,10.1773
1763200671.3789003,342,3,0,person,0.9272,-0.0316,-18.5045
1763200671.4909625,343,1,0,person,0.5760,0.0703,10.4775
1763200671.4909625,343,3,0,person,0.9272,,-18.5045
1763200671.6008065,344,1,0,person,0.5592,-0.1529,9.8264
1763200671.6018162,344,3,0,person,0.9307,0.0312,-18.5510
1763200671.708088,345,1,0,person,0.5329,-0.2450,8.7189
1763200671.7090924,345,3,0,person,0.9307,,-18.5510
1763200671.817186,346,1,0,person,0.5482,0.1396,9.3742
1763200671.818195,346,3,0,person,0.9272,-0.0317,-18.5045
1763200671.9245517,347,1,0,person,0.5218,-0.2457,8.2132
1763200671.9245517,347,3,0,person,0.9272,,-18.5045
1763200672.0340507,348,1,0,person,0.5295,0.0708,8.5673
1763200672.035056,348,3,0,person,0.9307,0.0313,-18.5510
1763200672.1411157,349,1,0,person,0.4978,-0.2962,7.0454
1763200672.1421235,349,3,0,person,0.9272,-0.0323,-18.5045
1763200672.2473001,350,1,0,person,0.5774,0.7488,10.4275
1763200672.2483015,350,3,0,person,0.9307,0.0326,-18.5510
1763200672.3391452,351,1,0,person,0.5734,-0.0434,10.2774
1763200672.3401344,351,3,0,person,0.9377,0.0762,-18.6438
1763200672.4367027,352,1,0,person,0.5111,-0.6383,7.7063
1763200672.4367027,352,3,0,person,0.9341,-0.0364,-18.5974
1763200672.54605,353,1,0,person,0.5080,-0.0286,7.5539
1763200672.5470493,353,3,0,person,0.9307,-0.0316,-18.5510
1763200672.6452713,354,1,0,person,0.5352,0.2747,8.9208
1763200672.6452713,354,3,0,person,0.9341,0.0355,-18.5974
1763200672.7542915,355,1,0,person,0.5543,0.1746,9.7260
1763200672.7542915,355,3,0,person,0.9307,-0.0320,-18.5510
1763200672.8642209,356,1,0,person,0.5434,-0.0989,9.2735
1763200672.8642209,356,3,0,person,0.9238,-0.0627,-18.4580
1763200672.9775283,357,1,0,person,0.5482,0.0422,9.3742
1763200672.9775283,357,3,0,person,0.9238,,-18.4580
1763200673.0847101,358,1,0,person,0.5364,-0.1100,8.8703
1763200673.0847101,358,3,0,person,0.9204,-0.0318,-18.4115
1763200673.1901128,359,1,0,person,0.5364,,8.8703
1763200673.191118,359,3,0,person,0.9272,0.0643,-18.5045
1763200673.2991328,360,1,0,person,0.5446,0.0752,9.2232
1763200673.2991328,360,3,0,person,0.9238,-0.0318,-18.4580
1763200673.4024553,361,1,0,person,0.5518,0.0700,9.5251
1763200673.4034524,361,3,0,person,0.9238,,-18.4580
1763200673.497621,362,1,0,person,0.5458,-0.0634,9.2735
1763200673.497621,362,3,0,person,0.9272,0.0365,-18.5045
1763200673.591029,363,1,0,person,0.5592,0.1441,9.8264
1763200673.591029,363,3,0,person,0.9341,0.0744,-18.5974
1763200673.6853306,364,1,0,person,0.5555,-0.0396,9.6758
1763200673.6853306,364,3,0,person,0.9307,-0.0370,-18.5510
1763200673.78088,365,1,0,person,0.5580,0.0260,9.7762
1763200673.7818768,365,3,0,person,0.9377,0.0725,-18.6438
1763200673.8743837,366,1,0,person,0.5694,0.1226,10.2274
1763200673.8743837,366,3,0,person,0.9341,-0.0380,-18.5974
1763200673.967786,367,1,0,person,0.5605,-0.0959,9.8766
1763200673.967786,367,3,0,person,0.9341,,-18.5974
1763200674.0592415,368,1,0,person,0.5543,-0.0681,9.6256
1763200674.0607657,368,3,0,person,0.9341,,-18.5974
1763200674.1525211,369,1,0,person,0.5580,0.0399,9.7762
1763200674.1535287,369,3,0,person,0.9341,,-18.5974
1763200674.2465782,370,1,0,person,0.5567,-0.0132,9.7260
1763200674.2465782,370,3,0,person,0.9341,,-18.5974
1763200674.339394,371,1,0,person,0.5592,0.0269,9.8264
1763200674.339394,371,3,0,person,0.9341,,-18.5974
1763200674.4367986,372,1,0,person,0.5555,-0.0384,9.6758
1763200674.4367986,372,3,0,person,0.9272,-0.0713,-18.5045
1763200674.5310788,373,1,0,person,0.5694,0.1480,10.2274
1763200674.5320694,373,3,0,person,0.9307,0.0363,-18.5510
1763200674.6376,374,1,0,person,0.5721,0.0245,10.2274
1763200674.6376,374,3,0,person,0.9307,,-18.5510
1763200674.7441475,375,1,0,person,0.5506,-0.2015,9.4748
1763200674.7451441,375,3,0,person,0.9307,,-18.5510
1763200674.8390608,376,1,0,person,0.5694,0.1987,10.2274
1763200674.8390608,376,3,0,person,0.9272,-0.0368,-18.5045
1763200674.9316914,377,1,0,person,0.5694,,10.2274
1763200674.9316914,377,3,0,person,0.9307,0.0373,-18.5510
1763200675.029011,378,1,0,person,0.5543,-0.1560,9.6256
1763200675.029011,378,3,0,person,0.9272,-0.0355,-18.5045
1763200675.1182766,379,1,0,person,0.5470,-0.0817,9.3239
1763200675.1192906,379,3,0,person,0.9307,0.0383,-18.5510
1763200675.2179348,380,1,0,person,0.5482,0.0121,9.4748
1763200675.2189522,380,3,0,person,0.9307,,-18.5510
1763200675.3099334,381,1,0,person,0.5694,0.2313,10.2274
1763200675.3099334,381,3,0,person,0.9307,,-18.5510
1763200675.3997788,382,1,0,person,0.5506,-0.2099,9.4748
1763200675.4008002,382,3,0,person,0.9307,,-18.5510
1763200675.499404,383,1,0,person,0.5617,0.1120,9.9268
1763200675.499404,383,3,0,person,0.9377,0.0710,-18.6438
1763200675.5910146,384,1,0,person,0.5656,0.0417,10.0771
1763200675.5920148,384,3,0,person,0.9377,,-18.6438
1763200675.6869748,385,1,0,person,0.5656,,10.0771
1763200675.6879752,385,3,0,person,0.9377,,-18.6438
1763200675.7934809,386,1,0,person,0.5669,0.0121,10.1272
1763200675.7934809,386,3,0,person,0.9412,0.0335,-18.6902
1763200675.8868024,387,1,0,person,0.5694,0.0277,10.2274
1763200675.8868024,387,3,0,person,0.9341,-0.0755,-18.5974
1763200675.9798906,388,1,0,person,0.5592,-0.1097,9.8264
1763200675.9808917,388,3,0,person,0.9377,0.0373,-18.6438
1763200676.0739906,389,1,0,person,0.5580,-0.0133,9.7762
1763200676.0749958,389,3,0,person,0.9412,0.0376,-18.6902
1763200676.1684282,390,1,0,person,0.5694,0.1214,10.2274
1763200676.1684282,390,3,0,person,0.9307,-0.1128,-18.5510
1763200676.2635102,391,1,0,person,0.5630,-0.0676,9.9769
1763200676.2635102,391,3,0,person,0.9341,0.0367,-18.5974
1763200676.3597846,392,1,0,person,0.5694,0.0668,10.2274
1763200676.3597846,392,3,0,person,0.9307,-0.0362,-18.5510
1763200676.452468,393,1,0,person,0.5694,,10.2274
1763200676.4534934,393,3,0,person,0.9341,0.0372,-18.5974
1763200676.550205,394,1,0,person,0.5681,-0.0133,10.1773
1763200676.5511994,394,3,0,person,0.9377,0.0359,-18.6438
1763200676.6447866,395,1,0,person,0.5681,,10.1773
1763200676.6447866,395,3,0,person,0.9341,-0.0375,-18.5974
1763200676.7530742,396,1,0,person,0.5694,0.0120,10.2274
1763200676.7530742,396,3,0,person,0.9272,-0.0641,-18.5045
1763200676.8447824,397,1,0,person,0.5681,-0.0141,10.1773
1763200676.8447824,397,3,0,person,0.9377,0.1140,-18.6438
1763200676.9393873,398,1,0,person,0.5630,-0.0542,9.9769
1763200676.9393873,398,3,0,person,0.9412,0.0374,-18.6902
1763200677.034658,399,1,0,person,0.5669,0.0403,10.1272
1763200677.034658,399,3,0,person,0.9377,-0.0371,-18.6438
1763200677.1297064,400,1,0,person,0.5605,-0.0670,9.8766
1763200677.1297064,400,3,0,person,0.9448,0.0747,-18.7366
1763200677.2256048,401,1,0,person,0.5617,0.0132,9.9268
1763200677.2256048,401,3,0,person,0.9377,-0.0741,-18.6438
1763200677.3164163,402,1,0,person,0.5592,-0.0277,9.8264
1763200677.3174295,402,3,0,person,0.9412,0.0385,-18.6902
1763200677.415677,403,1,0,person,0.5605,0.0127,9.8766
1763200677.4166753,403,3,0,person,0.9412,,-18.6902
1763200677.525256,404,1,0,person,0.5656,0.0464,10.0771
1763200677.5262525,404,3,0,person,0.9377,-0.0323,-18.6438
1763200677.6384091,405,1,0,person,0.5681,0.0228,10.1773
1763200677.6384091,405,3,0,person,0.9377,,-18.6438
1763200677.74106,406,1,0,person,0.5694,0.0126,10.2274
1763200677.7420619,406,3,0,person,0.9377,,-18.6438
1763200677.837145,407,1,0,person,0.5707,0.0136,10.2774
1763200677.838141,407,3,0,person,0.9341,-0.0366,-18.5974
1763200677.942511,408,1,0,person,0.5707,,10.2774
1763200677.9435084,408,3,0,person,0.9307,-0.0331,-18.5510
1763200677.9435084,408,6,0,person,6.7410,,25.9307
1763200678.0393047,409,1,0,person,0.5681,-0.0269,10.1773
1763200678.0403016,409,3,0,person,0.9341,0.0360,-18.5974
1763200678.0403016,409,6,0,person,6.7410,,25.9307
1763200678.132246,410,1,0,person,0.5681,,10.1773
1763200678.132246,410,3,0,person,0.9341,,-18.5974
1763200678.1332507,410,6,0,person,6.7410,,25.9307
1763200678.225176,411,1,0,person,0.5681,,10.1773
1763200678.225176,411,3,0,person,0.9341,,-18.5974
1763200678.22619,411,6,0,person,6.7410,,25.9307
1763200678.3201582,412,1,0,person,0.5605,-0.0807,9.8766
1763200678.3201582,412,3,0,person,0.9307,-0.0367,-18.5510
1763200678.3211572,412,6,0,person,6.7410,,25.9307
1763200678.4430895,413,1,0,person,0.5681,0.0623,10.1773
1763200678.4440355,413,3,0,person,0.9307,,-18.5510
1763200678.4440355,413,6,0,person,6.7410,,25.9307
1763200678.560827,414,1,0,person,0.5681,,10.1773
1763200678.5618267,414,3,0,person,0.9307,,-18.5510
1763200678.5618267,414,6,0,person,6.7410,,25.9307
1763200678.6639652,415,1,0,person,0.5721,0.0379,10.2274
1763200678.6639652,415,3,0,person,0.9341,0.0341,-18.5974
1763200678.664976,415,6,0,person,6.7410,,25.9307
1763200678.7733665,416,1,0,person,0.5747,0.0241,10.3275
1763200678.7733665,416,3,0,person,0.9272,-0.0635,-18.5045
1763200678.774367,416,6,0,person,6.7410,,25.9307
1763200678.8878894,417,1,0,person,0.5721,-0.0230,10.2274
1763200678.8878894,417,3,0,person,0.9307,0.0302,-18.5510
1763200678.888885,417,6,0,person,6.7410,,25.9307
1763200679.0013373,418,1,0,person,0.5721,,10.2274
1763200679.0013373,418,3,0,person,0.9272,-0.0305,-18.5045
1763200679.0023391,418,6,0,person,6.7410,,25.9307
1763200679.1045263,419,1,0,person,0.5694,-0.0253,10.1272
1763200679.1055193,419,3,0,person,0.9307,0.0332,-18.5510
1763200679.1055193,419,6,0,person,6.7410,,25.9307
1763200679.2193372,420,1,0,person,0.5669,-0.0225,10.1272
1763200679.2203407,420,3,0,person,0.9341,0.0304,-18.5974
1763200679.2203407,420,6,0,person,6.7410,,25.9307
1763200679.3241239,421,1,0,person,0.5681,0.0123,10.1773
1763200679.3251228,421,3,0,person,0.9341,,-18.5974
1763200679.3251228,421,6,0,person,6.7410,,25.9307
1763200679.435239,422,1,0,person,0.5707,0.0234,10.2774
1763200679.4362624,422,3,0,person,0.9341,,-18.5974
1763200679.4362624,422,6,0,person,6.7410,,25.9307
1763200679.5497546,423,1,0,person,0.5694,-0.0114,10.1272
1763200679.5497546,423,3,0,person,0.9307,-0.0307,-18.5510
1763200679.5507693,423,6,0,person,6.7410,,25.9307
1763200679.6535115,424,1,0,person,0.5669,-0.0249,10.1272
1763200679.6535115,424,3,0,person,0.9341,0.0336,-18.5974
1763200679.6544952,424,6,0,person,6.7410,,25.9307
1763200679.7636483,425,1,0,person,0.5721,0.0472,10.2274
1763200679.7636483,425,3,0,person,0.9341,,-18.5974
1763200679.764643,425,6,0,person,6.7410,,25.9307
1763200679.8587437,426,1,0,person,0.5694,-0.0275,10.2274
1763200679.8587437,426,3,0,person,0.9307,-0.0367,-18.5510
1763200679.8597376,426,6,0,person,7.1262,4.0507,25.9307
1763200679.9608555,427,1,0,person,0.5707,0.0128,10.3775
1763200679.9608555,427,3,0,person,0.9204,-0.1009,-18.4115
1763200679.961856,427,6,0,person,7.1262,,26.0143
1763200680.0604541,428,1,0,person,0.5787,0.0798,10.5774
1763200680.0614603,428,3,0,person,0.9103,-0.1002,-18.2718
1763200680.0614603,428,6,0,person,7.1262,,26.0143
1763200680.168587,429,1,0,person,0.5800,0.0124,10.6273
1763200680.168587,429,3,0,person,0.9103,,-18.1785
1763200680.1696029,429,6,0,person,7.1262,,26.0143
1763200680.2596173,430,1,0,person,0.5827,0.0298,10.7272
1763200680.2596173,430,3,0,person,0.8940,-0.1792,-18.0384
1763200680.2606173,430,6,0,person,7.1262,,26.0143
1763200680.393388,431,1,0,person,0.5774,-0.0403,10.5274
1763200680.393388,431,3,0,person,0.8972,0.0240,-18.0852
1763200680.3943882,431,6,0,person,7.1262,,26.0143
1763200680.506611,432,1,0,person,0.5721,-0.0468,10.3275
1763200680.5076094,432,3,0,person,0.8940,-0.0282,-18.0384
1763200680.5076094,432,6,0,person,7.1262,,26.0143
1763200680.6019413,433,1,0,person,0.5656,-0.0680,10.0771
1763200680.6019413,433,3,0,person,0.8972,0.0341,-18.0852
1763200680.6029396,433,6,0,person,7.1262,,26.0143
1763200680.695021,434,1,0,person,0.5721,0.0697,10.3275
1763200680.696019,434,3,0,person,0.9070,0.1040,-18.2252
1763200680.696019,434,6,0,person,7.3357,2.2518,26.0560
1763200680.7851007,435,1,0,person,0.5694,-0.0290,10.2274
1763200680.7851007,435,3,0,person,0.9170,0.1123,-18.3649
1763200680.7860997,435,6,0,person,7.3357,,26.0560
1763200681.0314968,436,1,0,person,0.5707,0.0053,10.2774
1763200681.0325062,436,3,0,person,0.9136,-0.0136,-18.3184
1763200681.0325062,436,6,0,person,7.3357,,26.0560
1763200681.3019636,437,1,0,person,0.5669,-0.0144,10.1272
1763200681.3029737,437,3,0,person,0.9341,0.0759,-18.5974
1763200681.3029737,437,6,0,person,7.3357,,26.0560
1763200681.486763,438,1,0,person,0.5617,-0.0276,9.9268
1763200681.4877627,438,3,0,person,0.9341,,-18.5974
1763200681.4877627,438,6,0,person,7.3357,,26.0560
1763200681.6725292,439,1,0,person,0.5630,0.0068,9.9769
1763200681.6735299,439,3,0,person,0.9341,,-18.5974
1763200681.6735299,439,6,0,person,7.3357,,26.0560
1763200681.8808882,440,1,0,person,0.5681,0.0246,10.0771
1763200681.8818843,440,3,0,person,0.9272,-0.0333,-18.5045
1763200681.8818843,440,6,0,person,7.3357,,26.0560
1763200682.1342316,441,1,0,person,0.5707,0.0103,10.1773
1763200682.1342316,441,3,0,person,0.9238,-0.0136,-18.4580
1763200682.135242,441,6,0,person,7.3357,,26.0560
1763200682.3165205,442,1,0,person,0.5734,0.0144,10.2774
1763200682.3175323,442,3,0,person,0.9272,0.0187,-18.5045
1763200682.3175323,442,6,0,person,7.3357,,26.0560
1763200682.4361715,443,1,0,person,0.5694,-0.0328,10.1272
1763200682.4371707,443,3,0,person,0.9272,,-18.5045
1763200682.4371707,443,6,0,person,7.3357,,26.0560
1763200682.5642722,444,1,0,person,0.5707,0.0102,10.1773
1763200682.565257,444,3,0,person,0.9307,0.0270,-18.5510
1763200682.565257,444,6,0,person,7.3357,,26.0560
1763200682.6936164,445,1,0,person,0.5707,,10.1773
1763200682.6946013,445,3,0,person,0.9307,,-18.5510
1763200682.6946013,445,6,0,person,7.3357,,26.0560
1763200682.8164303,446,1,0,person,0.5681,-0.0212,10.0771
1763200682.817451,446,3,0,person,0.9204,-0.0839,-18.4115
1763200682.817451,446,6,0,person,7.3357,,26.0560
1763200682.9373517,447,1,0,person,0.5694,0.0107,10.1272
1763200682.9373517,447,3,0,person,0.9307,0.0859,-18.5510
1763200682.9383543,447,6,0,person,7.3357,,26.0560
1763200683.0722163,448,1,0,person,0.5643,-0.0382,10.0270
1763200683.0722163,448,3,0,person,0.9448,0.1046,-18.7366
1763200683.0732148,448,6,0,person,7.3357,,26.0560
1763200683.2133462,449,1,0,person,0.5656,0.0091,9.9769
1763200683.2133462,449,3,0,person,0.9520,0.0511,-18.8292
1763200683.214348,449,6,0,person,7.3357,,26.0560
1763200683.347289,450,1,0,person,0.5630,-0.0191,9.9769
1763200683.3482878,450,3,0,person,0.9483,-0.0268,-18.7829
1763200683.3482878,450,6,0,person,7.3357,,26.0560
1763200683.4723732,451,1,0,person,0.5669,0.0307,10.0270
1763200683.4733732,451,3,0,person,0.9448,-0.0287,-18.7366
1763200683.4733732,451,6,0,person,7.3357,,26.0560
1763200683.593116,452,1,0,person,0.5694,0.0214,10.1272
1763200683.593116,452,3,0,person,0.9412,-0.0298,-18.6902
1763200683.594119,452,6,0,person,7.3357,,26.0560
1763200683.720643,453,1,0,person,0.5694,,10.1272
1763200683.720643,453,3,0,person,0.9377,-0.0277,-18.6438
1763200683.720643,453,6,0,person,7.3357,,26.0560
1763200683.8443482,454,1,0,person,0.5694,,10.1272
1763200683.8443482,454,3,0,person,0.9377,,-18.6438
1763200683.8453422,454,6,0,person,7.3357,,26.0560
1763200683.964582,455,1,0,person,0.5707,0.0108,10.1773
1763200683.9655657,455,3,0,person,0.9377,,-18.6438
1763200683.9655657,455,6,0,person,7.3357,,26.0560
1763200684.0924156,456,1,0,person,0.5681,-0.0203,10.0771
1763200684.0934074,456,3,0,person,0.9377,,-18.6438
1763200684.0934074,456,6,0,person,7.3357,,26.0560
1763200684.2062092,457,1,0,person,0.5592,-0.0784,9.8264
1763200684.2062092,457,3,0,person,0.9377,,-18.6438
1763200684.2071838,457,6,0,person,7.3357,,26.0560
1763200684.3209574,458,1,0,person,0.5656,0.0553,10.0771
1763200684.3219435,458,3,0,person,0.9377,,-18.6438
1763200684.3219435,458,6,0,person,7.3357,,26.0560
1763200684.443037,459,1,0,person,0.5446,-0.1720,9.2232
1763200684.444045,459,3,0,person,0.9377,,-18.6438
1763200684.444045,459,6,0,person,7.3357,,26.0560
1763200684.56999,460,1,0,person,0.5446,,9.2232
1763200684.56999,460,3,0,person,0.9377,,-18.6438
1763200684.5709941,460,6,0,person,7.3357,,26.0560
1763200684.6978693,461,1,0,person,0.5422,-0.0185,9.1224
1763200684.6994026,461,3,0,person,0.9307,-0.0541,-18.5510
1763200684.6994026,461,6,0,person,6.0833,-9.7536,25.8471
1763200684.8433256,462,1,0,person,0.5307,-0.0793,8.6178
1763200684.8433256,462,3,0,person,0.9307,,-18.5510
1763200684.8443244,462,6,0,person,6.2354,1.0494,25.8889
1763200685.0058832,463,1,0,person,0.5446,0.0855,9.2232
1763200685.0058832,463,3,0,person,0.9341,0.0214,-18.5974
1763200685.006986,463,6,0,person,5.9385,-1.8254,25.8889
1763200685.1656315,464,1,0,person,0.5458,0.0075,9.2735
1763200685.1656315,464,3,0,person,0.9377,0.0220,-18.6438
1763200685.1666396,464,6,0,person,5.9385,,25.8889
1763200685.3219075,465,1,0,person,0.5387,-0.0453,8.9712
1763200685.322913,465,3,0,person,0.9341,-0.0223,-18.5974
1763200685.322913,465,6,0,person,6.0833,0.9268,25.9307
1763200685.456663,466,1,0,person,0.5470,0.0614,9.3239
1763200685.456663,466,3,0,person,0.9341,,-18.5974
1763200685.457681,466,6,0,person,6.2354,1.1285,26.0560
1763200685.6064405,467,1,0,person,0.5422,-0.0318,9.1224
1763200685.6074393,467,3,0,person,0.9341,,-18.5974
1763200685.6074393,467,6,0,person,6.2354,,26.0560
1763200685.7280061,468,1,0,person,0.5458,0.0293,9.2735
1763200685.728991,468,3,0,person,0.9307,-0.0287,-18.5510
1763200685.728991,468,6,0,person,6.2354,,26.3058
1763200685.8466654,469,1,0,person,0.5694,0.1995,10.1272
1763200685.8466654,469,3,0,person,0.9341,0.0296,-18.5974
1763200685.8476667,469,6,0,person,6.2354,,26.3058
1763200685.9965508,470,1,0,person,0.5694,,10.1272
1763200685.9975512,470,3,0,person,0.9341,,-18.5974
1763200685.9975512,470,6,0,person,6.2354,,26.3058
1763200686.1274285,471,1,0,person,0.5656,-0.0296,10.0771
1763200686.1284714,471,3,0,person,0.9412,0.0539,-18.6902
1763200686.1294334,471,6,0,person,6.5636,2.4884,26.3058
1763200686.2601523,472,1,0,person,0.5580,-0.0572,9.7762
1763200686.2601523,472,3,0,person,0.9448,0.0271,-18.7366
1763200686.2611463,472,6,0,person,6.3953,-1.2778,26.4302
1763200686.372495,473,1,0,person,0.5630,0.0448,9.9769
1763200686.3734896,473,3,0,person,0.9448,,-18.7366
1763200686.3734896,473,6,0,person,6.7410,3.0771,26.3473
1763200686.4876804,474,1,0,person,0.5555,-0.0653,9.6758
1763200686.488683,474,3,0,person,0.9448,,-18.7366
1763200686.488683,474,6,0,person,6.5636,-1.5400,26.3888
1763200686.6056778,475,1,0,person,0.5543,-0.0105,9.6256
1763200686.6066883,475,3,0,person,0.9412,-0.0302,-18.6902
1763200686.6076875,475,6,0,person,6.5636,,26.3888
1763200686.7281952,476,1,0,person,0.5643,0.0819,10.0270
1763200686.7292118,476,3,0,person,0.9412,,-18.6902
1763200686.7292118,476,6,0,person,6.5636,,26.3888
1763200686.852054,477,1,0,person,0.5470,-0.1399,9.3239
1763200686.8530326,477,3,0,person,0.9412,,-18.6902
1763200686.8530326,477,6,0,person,6.5636,,26.3888
1763200687.316803,478,1,0,person,0.5482,0.0026,9.3742
1763200687.3178034,478,3,0,person,0.9412,,-18.6902
1763200687.3187957,478,6,0,person,6.7410,0.3809,26.3473
1763200687.505389,479,1,0,person,0.5643,0.0855,9.9268
1763200687.505389,479,3,0,person,0.9341,-0.0376,-18.5974
1763200687.5064025,479,6,0,person,6.7410,,26.3473
1763200687.6576245,480,1,0,person,0.5643,,9.9268
1763200687.6586065,480,3,0,person,0.9377,0.0229,-18.6438
1763200687.6586065,480,6,0,person,6.7410,,26.3473
1763200687.8099544,481,1,0,person,0.5643,,9.9268
1763200687.8109615,481,3,0,person,0.9341,-0.0231,-18.5974
1763200687.8109615,481,6,0,person,6.7410,,26.3473
1763200687.9510586,482,1,0,person,0.5669,0.0182,10.0270
1763200687.9520617,482,3,0,person,0.9341,,-18.5974
1763200687.9520617,482,6,0,person,6.7410,,26.3473
1763200688.1003158,483,1,0,person,0.5656,-0.0086,9.9769
1763200688.101388,483,3,0,person,0.9341,,-18.5974
1763200688.101388,483,6,0,person,6.7410,,26.3473
1763200688.2471294,484,1,0,person,0.5694,0.0264,10.1272
1763200688.2471294,484,3,0,person,0.9307,-0.0239,-18.5510
1763200688.248127,484,6,0,person,6.7410,,26.3473
1763200688.3853688,485,1,0,person,0.5694,,10.1272
1763200688.3863566,485,3,0,person,0.9377,0.0503,-18.6438
1763200688.3863566,485,6,0,person,6.7410,,26.3473
1763200688.5126836,486,1,0,person,0.5681,-0.0102,10.0771
1763200688.5126836,486,3,0,person,0.9412,0.0280,-18.6902
1763200688.5136864,486,6,0,person,6.7410,,26.3473
1763200688.6403263,487,1,0,person,0.5747,0.0513,10.3275
1763200688.6413255,487,3,0,person,0.9448,0.0277,-18.7366
1763200688.6413255,487,6,0,person,6.7410,,26.3473
1763200688.7637818,488,1,0,person,0.5747,,10.4275
1763200688.7647834,488,3,0,person,0.9412,-0.0289,-18.6902
1763200688.7647834,488,6,0,person,6.7410,,26.3473
1763200688.8899515,489,1,0,person,0.5721,-0.0209,10.2274
1763200688.8909376,489,3,0,person,0.9483,0.0567,-18.7829
1763200688.8909376,489,6,0,person,6.7410,,26.3473
1763200689.1192644,490,1,0,person,0.5747,0.0115,10.4275
1763200689.1203456,490,3,0,person,0.9448,-0.0157,-18.7366
1763200689.1213534,490,6,0,person,6.7410,,26.3473
1763200689.3106434,491,1,0,person,0.5734,-0.0069,10.3775
1763200689.3112674,491,3,0,person,0.9412,-0.0187,-18.6902
1763200689.3123813,491,6,0,person,6.7410,,26.3473
1763200689.522639,492,1,0,person,0.5605,-0.0608,9.8766
1763200689.523644,492,3,0,person,0.9412,,-18.6902
1763200689.5246441,492,6,0,person,8.0457,6.1466,26.1810
1763200689.7097285,493,1,0,person,0.5669,0.0340,10.1272
1763200689.710738,493,3,0,person,0.9483,0.0383,-18.7829
1763200689.711735,493,6,0,person,8.0457,,26.1810
1763200689.712735,493,7,0,person,4.0888,,27.4978
1763548169.3205254,1,1,0,person,0.5592,,9.8264
1763548169.3225238,1,2,0,person,1.0524,,-19.8874
1763548169.5815523,2,1,0,person,0.5567,-0.0096,9.7260
1763548169.5825548,2,2,0,person,1.0264,-0.0999,-19.7044
1763548169.7810922,3,1,0,person,0.5567,,9.7260
1763548169.7821012,3,2,0,person,1.0480,0.1081,-19.4750
1763548169.9747212,4,1,0,person,0.5580,0.0064,9.7762
1763548169.9757228,4,2,0,person,1.0349,-0.0674,-19.6127
1763548170.1722422,5,1,0,person,0.5580,,9.7762
1763548170.1732414,5,2,0,person,1.0306,-0.0217,-19.5668
1763548170.3684075,6,1,0,person,0.5592,0.0064,9.8264
1763548170.3694108,6,2,0,person,1.1286,0.4992,-18.6902
1763548170.559629,7,1,0,person,0.5605,0.0066,9.8766
1763548170.5606315,7,2,0,person,1.0392,-0.4672,-19.7502
1763548170.7522712,8,1,0,person,0.5580,-0.0130,9.7762
1763548170.7532687,8,2,0,person,1.0797,0.2102,-19.2449
1763548170.9500856,9,1,0,person,0.5605,0.0127,9.8766
1763548170.9500856,9,2,0,person,1.0705,-0.0471,-19.3370
1763548170.9510894,9,3,67,cell phone,7.9179,,-19.2449
1763548171.1697578,10,1,0,person,0.5470,-0.0615,9.3239
1763548171.1697578,10,2,0,person,1.0797,0.0422,-19.2449
1763548171.1707647,10,3,67,cell phone,7.9179,,-19.2449
1763548171.384914,11,1,0,person,0.5494,0.0112,9.4245
1763548171.385924,11,2,0,person,1.1337,0.2497,-18.6438
1763548171.386922,11,3,67,cell phone,7.9179,,-19.2449
1763548171.5803914,12,1,0,person,0.5518,0.0124,9.5251
1763548171.5803914,12,2,0,person,1.1235,-0.0525,-18.7366
1763548171.581405,12,3,67,cell phone,7.9179,,-19.2449
1763548171.6644607,13,1,0,person,0.5518,,9.5251
1763548171.6644607,13,2,0,person,1.0480,-0.8984,-19.4750
1763548171.66546,13,3,67,cell phone,7.9179,,-19.2449
1763548171.7426558,14,1,0,person,0.5506,-0.0156,9.4748
1763548171.7426558,14,2,0,person,1.1877,1.7869,-18.1785
1763548171.7426558,14,3,67,cell phone,7.9179,,-19.2449
1763548171.829648,15,1,0,person,0.5506,,9.4748
1763548171.8306582,15,2,0,person,1.1991,0.1298,-18.0852
1763548171.8306582,15,3,67,cell phone,7.9179,,-19.2449
1763548171.9235969,16,1,0,person,0.5494,-0.0129,9.4245
1763548171.9235969,16,2,0,person,1.1991,,-18.0852
1763548171.9235969,16,3,67,cell phone,7.9179,,-19.2449
1763548172.017277,17,1,0,person,0.5494,,9.4245
1763548172.017277,17,2,0,person,1.2108,0.1243,-17.9917
1763548172.0182788,17,3,67,cell phone,7.9179,,-19.2449
1763548172.1149905,18,1,0,person,0.5494,,9.4245
1763548172.1149905,18,2,0,person,1.2286,0.1831,-17.8513
1763548172.1160104,18,3,67,cell phone,7.9179,,-19.2449
1763548172.199469,19,1,0,person,0.5494,,9.4245
1763548172.20048,19,2,0,person,1.2226,-0.0705,-17.9917
1763548172.20048,19,3,67,cell phone,7.9179,,-19.2449
1763548172.2796698,20,1,0,person,0.5494,,9.4245
1763548172.2796698,20,2,0,person,1.2226,,-17.9917
1763548172.2796698,20,3,67,cell phone,7.9179,,-19.2449
1763548172.3595636,21,1,0,person,0.5518,0.0304,9.5251
1763548172.3595636,21,2,0,person,1.2167,-0.0746,-17.9449
1763548172.3595636,21,3,67,cell phone,7.9179,,-19.2449
1763548172.4478946,22,1,0,person,0.5580,0.0699,9.7762
1763548172.4478946,22,2,0,person,1.1765,-0.4548,-18.1785
1763548172.4478946,22,3,67,cell phone,7.9179,,-19.2449
1763548172.525596,23,1,0,person,0.5656,0.0977,10.0771
1763548172.5261297,23,2,0,person,1.0017,-2.2345,-19.1527
1763548172.5261297,23,3,67,cell phone,7.9179,,-19.2449
1763548172.6019611,24,1,0,person,0.5592,-0.0830,9.8264
1763548172.6019611,24,2,0,person,1.1337,1.7412,-17.8045
1763548172.6019611,24,3,67,cell phone,7.9179,,-19.2449
1763548172.6787944,25,1,0,person,0.5580,-0.0163,9.7762
1763548172.679801,25,2,0,person,1.2725,1.7834,-16.7678
1763548172.679801,25,3,67,cell phone,7.9179,,-19.2449
1763548172.7582989,26,1,0,person,0.5580,,9.7762
1763548172.759314,26,2,0,person,1.2725,,-16.7678
1763548172.759314,26,3,67,cell phone,7.9179,,-19.2449
1763548172.836882,27,1,0,person,0.5592,0.0159,9.8264
1763548172.8378983,27,2,0,person,0.9937,-3.5483,-19.3370
1763548172.8378983,27,3,67,cell phone,7.9179,,-19.2449
1763548172.9142518,28,1,0,person,0.5774,0.2342,10.5274
1763548172.9152653,28,2,0,person,0.9937,,-19.3370
1763548172.9152653,28,3,67,cell phone,7.9179,,-19.2449
1763548172.991459,29,1,0,person,0.5800,0.0348,10.6273
1763548172.991459,29,2,0,person,0.9977,0.0522,-19.2910
1763548172.991459,29,3,67,cell phone,7.9179,,-19.2449
1763548173.0728621,30,1,0,person,0.5967,0.2046,11.2253
1763548173.0728621,30,2,0,person,0.9937,-0.0488,-19.2449
1763548173.0728621,30,3,67,cell phone,7.9179,,-19.2449
1763548173.1478944,31,1,0,person,0.5967,,11.2253
1763548173.1489084,31,2,0,person,0.9937,,-19.2449
1763548173.1489084,31,3,67,cell phone,7.9179,,-19.2449
1763548173.2242491,32,1,0,person,0.6174,0.2708,12.0187
1763548173.2242491,32,2,0,person,0.9977,0.0528,-19.2910
1763548173.2257712,32,3,67,cell phone,7.9179,,-19.2449
1763548173.3059113,33,1,0,person,0.6283,0.1333,12.3644
1763548173.306911,33,2,0,person,1.0222,0.2968,-19.4750
1763548173.306911,33,3,67,cell phone,7.9179,,-19.2449
1763548173.3827195,34,1,0,person,0.6412,0.1682,12.7583
1763548173.3827195,34,2,0,person,1.0568,0.4571,-19.9331
1763548173.3827195,34,3,67,cell phone,7.9179,,-19.2449
1763548173.3837185,34,4,27,tie,6.0245,,4.9496
1763548173.4611568,35,1,0,person,0.6412,,12.7583
1763548173.4611568,35,2,0,person,1.0568,,-19.9331
1763548173.4621508,35,3,67,cell phone,7.9179,,-19.2449
1763548173.4621508,35,4,27,tie,6.0245,,4.9496
1763548173.5389814,36,1,0,person,0.6428,0.0212,12.8075
1763548173.5389814,36,2,0,person,1.1441,1.1213,-20.8413
1763548173.5389814,36,3,67,cell phone,7.9179,,-19.2449
1763548173.5399773,36,4,27,tie,6.0245,,4.9496
1763548173.6173117,37,1,0,person,0.6428,,12.8075
1763548173.6173117,37,2,0,person,1.2597,1.4754,-21.7388
1763548173.618328,37,3,67,cell phone,7.9179,,-19.2449
1763548173.618328,37,4,27,tie,6.0245,,4.9496
1763548173.6936579,38,1,0,person,0.6346,-0.1071,12.5615
1763548173.6946628,38,2,0,person,1.3704,1.4317,-22.4488
1763548173.6946628,38,3,67,cell phone,7.9179,,-19.2449
1763548173.6946628,38,4,27,tie,6.0245,,4.8470
1763548173.7929873,39,1,0,person,0.6189,-0.1585,11.9693
1763548173.7939942,39,2,0,person,1.4758,1.0613,-23.0203
1763548173.7945008,39,3,67,cell phone,7.9179,,-19.2449
1763548173.7945008,39,4,27,tie,5.6557,-3.6945,4.5903
1763548173.8669624,40,1,0,person,0.6189,,11.9693
1763548173.8669624,40,2,0,person,1.4758,,-23.0203
1763548173.86795,40,4,27,tie,5.6557,,4.5903
1763548173.9438453,41,1,0,person,0.6143,-0.0595,11.8208
1763548173.9448597,41,2,0,person,1.4758,,-23.0203
1763548173.9448597,41,4,27,tie,5.6557,,4.5903
1763548174.0211246,42,1,0,person,0.6113,-0.0390,11.7217
1763548174.0211246,42,2,0,person,1.4012,-0.9784,-22.6251
1763548174.0211246,42,4,27,tie,5.6557,,4.5903
1763548174.0999563,43,1,0,person,0.6220,0.1354,12.0681
1763548174.1009705,43,2,0,person,1.2856,-1.4473,-21.9169
1763548174.1009705,43,4,27,tie,5.6557,,4.5903
1763548174.1009705,43,5,15,cat,1.4285,,-21.9169
1763548174.1807683,44,1,0,person,0.6220,,12.0681
1763548174.1807683,44,2,0,person,1.2856,,-21.9169
1763548174.1807683,44,4,27,tie,5.6557,,4.5903
1763548174.1807683,44,5,15,cat,1.4285,,-21.9169
1763548174.2558854,45,1,0,person,0.6204,-0.0206,12.0187
1763548174.2568996,45,2,0,person,1.2856,,-21.9169
1763548174.2568996,45,4,27,tie,5.6557,,4.5903
1763548174.2568996,45,5,0,person,1.1337,-3.8721,-20.7510
1763548174.3364973,46,1,0,person,0.6220,0.0192,12.0681
1763548174.337513,46,2,0,person,1.2856,,-21.9169
1763548174.337513,46,4,27,tie,5.6557,,4.5903
1763548174.337513,46,5,0,person,1.0524,-1.0088,-19.8874
1763548174.4130192,47,1,0,person,0.6189,-0.0403,11.9693
1763548174.414033,47,2,0,person,1.2856,,-21.9169
1763548174.414033,47,4,27,tie,5.6557,,4.5903
1763548174.414033,47,5,0,person,1.0180,-0.4491,-19.6127
1763548174.4938226,48,1,0,person,0.6143,-0.0566,11.8208
1763548174.4938226,48,2,0,person,1.2856,,-21.9169
1763548174.494837,48,4,27,tie,5.6557,,4.5903
1763548174.494837,48,5,0,person,1.0222,0.0516,-19.3830
1763548174.5679374,49,1,0,person,0.6143,,11.8208
1763548174.568953,49,2,0,person,1.2856,,-21.9169
1763548174.568953,49,4,27,tie,5.6557,,4.5903
1763548174.568953,49,5,0,person,1.0222,,-19.3830
1763548174.6512353,50,1,0,person,0.6098,-0.0541,11.6721
1763548174.6512353,50,2,0,person,1.2856,,-21.9169
1763548174.6512353,50,4,27,tie,5.6557,,4.5903
1763548174.6522224,50,5,0,person,1.0349,0.1528,-19.7044
1763548174.7245421,51,1,0,person,0.6098,,11.6721
1763548174.7255561,51,2,0,person,1.2856,,-21.9169
1763548174.7255561,51,4,27,tie,5.6557,,4.5903
1763548174.7255561,51,5,0,person,1.0349,,-19.7044
1763548174.8038065,52,1,0,person,0.6083,-0.0188,11.6226
1763548174.8038065,52,2,0,person,1.2856,,-21.9169
1763548174.8038065,52,4,27,tie,5.6557,,4.5903
1763548174.8038065,52,5,0,person,1.0568,0.2802,-19.9331
1763548174.8839138,53,1,0,person,0.6083,,11.6226
1763548174.8849292,53,2,0,person,1.2856,,-21.9169
1763548174.8849292,53,4,27,tie,5.6557,,4.5903
1763548174.8849292,53,5,0,person,1.0568,,-19.9331
1763548174.963379,54,1,0,person,0.6098,0.0187,11.6721
1763548174.963379,54,2,0,person,1.2856,,-21.9169
1763548174.963379,54,4,27,tie,5.6557,,4.5903
1763548174.963379,54,5,0,person,1.0524,-0.0568,-19.8874
1763548175.037553,55,1,0,person,0.6098,,11.6721
1763548175.0385695,55,2,0,person,1.2856,,-21.9169
1763548175.0385695,55,4,27,tie,5.6557,,4.5903
1763548175.0385695,55,5,0,person,1.0480,-0.0588,-19.8417
1763548175.1165879,56,1,0,person,0.6083,-0.0188,11.6226
1763548175.117587,56,2,0,person,1.2856,,-21.9169
1763548175.117587,56,4,27,tie,5.6557,,4.5903
1763548175.117587,56,5,0,person,1.0306,-0.2192,-19.7502
1763548175.2021434,57,1,0,person,0.6083,,11.6226
1763548175.2021434,57,2,0,person,1.2856,,-21.9169
1763548175.2031405,57,4,27,tie,5.6557,,4.5903
1763548175.2031405,57,5,0,person,1.0306,,-19.7502
1763548175.2728493,58,1,0,person,0.6083,,11.6226
1763548175.2728493,58,2,0,person,1.2856,,-21.9169
1763548175.2728493,58,4,27,tie,5.6557,,4.5903
1763548175.2738464,58,5,0,person,1.0306,,-19.7502
1763548175.3604012,59,1,0,person,0.6083,,11.6226
1763548175.3604012,59,2,0,person,1.2856,,-21.9169
1763548175.3614018,59,4,27,tie,5.6557,,4.5903
1763548175.3614018,59,5,0,person,1.0349,0.0488,-19.7044
1763548175.453016,60,1,0,person,0.6083,,11.6226
1763548175.4540186,60,2,0,person,1.2856,,-21.9169
1763548175.4540186,60,4,27,tie,5.6557,,4.5903
1763548175.4540186,60,5,0,person,1.0306,-0.0462,-19.7502
1763548175.4540186,60,6,27,tie,7.6980,,-20.7510
1763548175.5297775,61,1,0,person,0.6098,0.0194,11.6721
1763548175.5297775,61,2,0,person,1.2856,,-21.9169
1763548175.5297775,61,4,27,tie,5.6557,,4.5903
1763548175.5307713,61,5,0,person,1.0306,,-19.7502
1763548175.5307713,61,6,27,tie,7.6980,,-20.7510
1763548175.6095233,62,1,0,person,0.6083,-0.0187,11.6226
1763548175.6095233,62,2,0,person,1.2856,,-21.9169
1763548175.6095233,62,4,27,tie,5.6557,,4.5903
1763548175.6105235,62,5,0,person,1.0306,,-19.7502
1763548175.6105235,62,6,27,tie,7.6980,,-20.7510
1763548175.686916,63,1,0,person,0.6083,,11.6226
1763548175.686916,63,2,0,person,1.2856,,-21.9169
1763548175.688453,63,4,27,tie,5.6557,,4.5903
1763548175.688453,63,5,0,person,1.0306,,-19.7502
1763548175.688453,63,6,27,tie,7.6980,,-20.7510
1763548175.7668443,64,1,0,person,0.6054,-0.0369,11.5234
1763548175.7668443,64,2,0,person,1.2856,,-21.9169
1763548175.7668443,64,4,27,tie,5.6557,,4.5903
1763548175.7678428,64,5,0,person,1.0436,0.1630,-19.7959
1763548175.7678428,64,6,27,tie,7.6980,,-20.7510
1763548175.8424907,65,1,0,person,0.6054,,11.5234
1763548175.8424907,65,2,0,person,1.2856,,-21.9169
1763548175.8424907,65,4,27,tie,5.6557,,4.5903
1763548175.8424907,65,5,0,person,1.0480,0.0587,-19.8417
1763548175.8424907,65,6,27,tie,7.6980,,-20.7510
1763548175.9208584,66,1,0,person,0.6039,-0.0187,11.4737
1763548175.9208584,66,2,0,person,1.2856,,-21.9169
1763548175.9218724,66,4,27,tie,5.6557,,4.5903
1763548175.9218724,66,5,0,person,1.0480,,-19.8417
1763548175.9218724,66,6,27,tie,7.6980,,-20.7510
1763548176.004586,67,1,0,person,0.6025,-0.0174,11.4241
1763548176.005592,67,2,0,person,1.2856,,-21.9169
1763548176.005592,67,4,27,tie,5.6557,,4.5903
1763548176.005592,67,5,0,person,1.0392,-0.1043,-19.8417
1763548176.005592,67,6,27,tie,7.6980,,-20.7510
1763548176.097264,68,1,0,person,0.6025,,11.4241
1763548176.097264,68,2,0,person,1.2856,,-21.9169
1763548176.097264,68,4,27,tie,5.6557,,4.5903
1763548176.097264,68,5,0,person,1.0392,,-19.8417
1763548176.0983021,68,6,27,tie,7.6980,,-20.7510
1763548176.1736717,69,1,0,person,0.6010,-0.0190,11.3744
1763548176.1736717,69,2,0,person,1.2856,,-21.9169
1763548176.1746657,69,4,27,tie,5.6557,,4.5903
1763548176.1746657,69,5,0,person,1.0436,0.0562,-19.7959
1763548176.1746657,69,6,27,tie,7.6980,,-20.7510
1763548176.2513723,70,1,0,person,0.6025,0.0187,11.3247
1763548176.2513723,70,2,0,person,1.2856,,-21.9169
1763548176.2523658,70,4,27,tie,5.6557,,4.5903
1763548176.2523658,70,5,0,person,1.0436,,-19.7959
1763548176.2523658,70,6,27,tie,7.6980,,-20.7510
1763548176.330873,71,1,0,person,0.5996,-0.0364,11.3247
1763548176.330873,71,2,0,person,1.2856,,-21.9169
1763548176.331872,71,5,0,person,1.0392,-0.0547,-19.8417
1763548176.331872,71,6,27,tie,7.6980,,-20.7510
1763548176.413264,72,1,0,person,0.5996,,11.3247
1763548176.413264,72,2,0,person,1.2856,,-21.9169
1763548176.413264,72,5,0,person,1.0392,,-19.8417
1763548176.414262,72,6,27,tie,7.6980,,-20.7510
1763548176.489102,73,1,0,person,0.5953,-0.0566,11.1756
1763548176.490106,73,2,0,person,1.2856,,-21.9169
1763548176.490106,73,5,0,person,1.0392,,-19.8417
1763548176.490106,73,6,27,tie,7.6980,,-20.7510
1763548176.5753727,74,1,0,person,0.5967,0.0165,11.2253
1763548176.5758793,74,2,0,person,1.2856,,-21.9169
1763548176.5758793,74,5,0,person,1.0480,0.1018,-19.8417
1763548176.5758793,74,6,27,tie,7.6980,,-20.7510
1763548176.6637254,75,1,0,person,0.5996,0.0325,11.3247
1763548176.6637254,75,5,0,person,1.0524,0.0503,-19.9787
1763548176.6647096,75,6,27,tie,7.6980,,-20.7510
1763548176.7420526,76,1,0,person,0.6010,0.0184,11.3744
1763548176.7430675,76,5,0,person,1.0705,0.2277,-19.9787
1763548176.7430675,76,6,27,tie,7.6980,,-20.7510
1763548176.820832,77,1,0,person,0.6010,,11.3744
1763548176.820832,77,5,0,person,1.0705,,-19.9787
1763548176.820832,77,6,27,tie,7.6980,,-20.7510
1763548176.9219491,78,1,0,person,0.6010,,11.4737
1763548176.9229472,78,5,0,person,1.0659,-0.0448,-20.1156
1763548176.9229472,78,6,27,tie,7.6980,,-20.7510
1763548177.0013888,79,1,0,person,0.5996,-0.0182,11.3247
1763548177.0013888,79,5,0,person,1.0613,-0.0578,-20.0700
1763548177.0024042,79,6,27,tie,7.6980,,-20.7510
1763548177.0817842,80,1,0,person,0.6039,0.0542,11.3744
1763548177.0817842,80,5,0,person,1.0568,-0.0559,-20.0244
1763548177.0827835,80,6,27,tie,7.6980,,-20.7510
1763548177.157939,81,1,0,person,0.6025,-0.0192,11.3247
1763548177.157939,81,5,0,person,1.0568,,-20.0244
1763548177.157939,81,6,27,tie,7.6980,,-20.7510
1763548177.233846,82,1,0,person,0.6025,,11.3247
1763548177.2352357,82,5,0,person,1.0568,,-20.0244
1763548177.2352357,82,6,27,tie,7.6980,,-20.7510
1763548177.313149,83,1,0,person,0.6025,,11.3247
1763548177.3141716,83,5,0,person,1.0568,,-20.0244
1763548177.3141716,83,6,27,tie,7.6980,,-20.7510
1763548177.3926883,84,1,0,person,0.6010,-0.0183,11.3744
1763548177.3926883,84,5,0,person,1.0659,0.1150,-20.0244
1763548177.39368,84,6,27,tie,7.6980,,-20.7510
1763548177.4737308,85,1,0,person,0.5996,-0.0178,11.3247
1763548177.474745,85,5,0,person,1.0659,,-20.0244
1763548177.474745,85,6,27,tie,7.6980,,-20.7510
1763548177.474745,85,7,27,tie,5.5426,,2.5826
1763548177.548477,86,1,0,person,0.6054,0.0779,11.6226
1763548177.548477,86,5,0,person,1.0659,,-20.0244
1763548177.549479,86,6,27,tie,7.6980,,-20.7510
1763548177.549479,86,7,27,tie,5.5426,,2.5826
1763548177.633071,87,1,0,person,0.6054,,11.6226
1763548177.633071,87,5,0,person,1.0659,,-20.0244
1763548177.633071,87,6,27,tie,7.6980,,-20.7510
1763548177.633071,87,7,27,tie,5.5426,,2.5826
1763548177.7482245,88,1,0,person,0.6113,0.0515,11.7217
1763548177.7482245,88,5,0,person,1.0659,,-20.0244
1763548177.7482245,88,6,27,tie,7.6980,,-20.7510
1763548177.749223,88,7,27,tie,5.5426,,2.5826
1763548177.8256147,89,1,0,person,0.6128,0.0194,11.8703
1763548177.8256147,89,5,0,person,1.0705,0.0591,-20.0700
1763548177.8256147,89,6,27,tie,7.6980,,-20.7510
1763548177.826624,89,7,27,tie,5.5426,,2.5826
1763548177.9051602,90,1,0,person,0.6128,,11.8703
1763548177.906183,90,5,0,person,1.0705,,-20.0700
1763548177.906183,90,6,27,tie,7.6980,,-20.7510
1763548177.906183,90,7,27,tie,5.5426,,2.5826
1763548177.9817042,91,1,0,person,0.6128,,11.8703
1763548177.9817042,91,5,0,person,1.0705,,-20.0700
1763548177.9817042,91,7,27,tie,5.5426,,2.5826
1763548178.0673354,92,1,0,person,0.6128,,11.8703
1763548178.0673354,92,5,0,person,1.0659,-0.0534,-20.1156
1763548178.0683312,92,7,27,tie,5.5426,,2.5826
1763548178.1375816,93,1,0,person,0.6113,-0.0214,11.8208
1763548178.138601,93,5,0,person,1.0751,0.1289,-20.2067
1763548178.138601,93,7,27,tie,5.5426,,2.5826
1763548178.214831,94,1,0,person,0.6113,,11.8208
1763548178.2158458,94,5,0,person,1.0751,,-20.2067
1763548178.2158458,94,7,27,tie,5.5426,,2.5826
1763548178.2940671,95,1,0,person,0.6113,,11.8208
1763548178.295083,95,5,0,person,1.0797,0.0587,-20.2522
1763548178.295083,95,7,27,tie,5.5426,,2.5826
1763548178.3733363,96,1,0,person,0.6098,-0.0189,11.7713
1763548178.3743532,96,5,0,person,1.0891,0.1190,-20.3431
1763548178.3743532,96,7,27,tie,5.5426,,2.5826
1763548178.451453,97,1,0,person,0.6098,,11.7713
1763548178.451453,97,5,0,person,1.0987,0.1245,-20.4340
1763548178.451453,97,7,27,tie,5.5426,,2.5826
1763548178.5280921,98,1,0,person,0.6083,-0.0194,11.7217
1763548178.5291226,98,5,0,person,1.1036,0.0626,-20.4793
1763548178.5291226,98,7,27,tie,5.5426,,2.5826
1763548178.6110802,99,1,0,person,0.6083,,11.7217
1763548178.6110802,99,5,0,person,1.1036,,-20.4793
1763548178.6110802,99,7,27,tie,5.5426,,2.5826
1763548178.6859097,100,1,0,person,0.6113,0.0399,11.7217
1763548178.686924,100,5,0,person,1.1085,0.0647,-20.5247
1763548178.686924,100,7,27,tie,5.5426,,2.5826
1763548178.7632532,101,1,0,person,0.6098,-0.0193,11.7713
1763548178.7632532,101,5,0,person,1.1135,0.0648,-20.4793
1763548178.7642493,101,7,27,tie,5.5426,,2.5826
1763548178.84239,102,1,0,person,0.6083,-0.0188,11.6226
1763548178.84239,102,5,0,person,1.1135,,-20.5700
1763548178.84239,102,7,27,tie,5.5426,,2.5826
1763548178.9190907,103,1,0,person,0.6083,,11.6226
1763548178.9201064,103,5,0,person,1.1135,,-20.5700
1763548178.9201064,103,7,27,tie,5.5426,,2.5826
1763548178.993306,104,1,0,person,0.6083,,11.6226
1763548178.9943209,104,5,0,person,1.1235,0.1352,-20.5700
1763548178.9943209,104,7,27,tie,5.5426,,2.5826
1763548179.0784957,105,1,0,person,0.6098,0.0175,11.6721
1763548179.0784957,105,5,0,person,1.1235,,-20.6606
1763548179.0794885,105,7,27,tie,5.5426,,2.5826
1763548179.0794885,105,8,0,person,1.6518,,-17.2876
1763548179.0794885,105,9,0,person,2.8343,,-26.4717
1763548179.1538742,106,1,0,person,0.6083,-0.0197,11.6226
1763548179.154876,106,5,0,person,1.1286,0.0666,-20.7058
1763548179.154876,106,7,27,tie,5.5426,,2.5826
1763548179.154876,106,8,0,person,1.6091,-0.5654,-17.6638
1763548179.154876,106,9,0,person,2.7713,-0.8355,-26.3888
1763548179.234016,107,1,0,person,0.6068,-0.0185,11.4737
1763548179.234016,107,5,0,person,1.1389,0.1302,-20.7058
1763548179.234016,107,7,27,tie,5.5426,,2.5826
1763548179.234016,107,8,0,person,1.6091,,-17.6638
1763548179.2355251,107,9,0,person,2.8024,0.3861,-26.4302
1763548179.3111746,108,1,0,person,0.6068,,11.4737
1763548179.3111746,108,5,0,person,1.1389,,-20.7058
1763548179.3121734,108,7,27,tie,5.5426,,2.5826
1763548179.3121734,108,8,0,person,1.6091,,-17.6638
1763548179.3121734,108,9,0,person,2.8024,,-26.4302
1763548179.3904352,109,1,0,person,0.6054,-0.0186,11.4241
1763548179.3904352,109,5,0,person,1.1337,-0.0653,-20.7510
1763548179.3904352,109,7,27,tie,5.5426,,2.5826
1763548179.3904352,109,8,0,person,1.6628,0.6854,-17.6169
1763548179.391433,109,9,0,person,2.8024,,-26.4302
1763548179.465426,110,1,0,person,0.5996,-0.0776,11.3247
1763548179.465426,110,5,0,person,1.1389,0.0690,-20.7058
1763548179.465426,110,7,27,tie,5.5426,,2.5826
1763548179.4668672,110,8,0,person,1.6628,,-17.6169
1763548179.4668672,110,9,0,person,2.8024,,-26.4302
1763548179.4668672,110,10,27,tie,5.5426,,-15.9111
1763548179.546152,111,1,0,person,0.5996,,11.2253
1763548179.546152,111,5,0,person,1.1286,-0.1277,-20.7058
1763548179.5471432,111,7,27,tie,5.5426,,2.5826
1763548179.5471432,111,8,0,person,1.6409,-0.2725,-17.5229
1763548179.5471432,111,9,0,person,2.6819,-1.5015,-26.2642
1763548179.5471432,111,10,27,tie,5.8963,4.4071,-15.6718
1763548179.623984,112,1,0,person,0.5996,,11.2253
1763548179.623984,112,5,0,person,1.1286,,-20.7058
1763548179.623984,112,7,27,tie,5.5426,,2.5826
1763548179.623984,112,8,0,person,1.6409,,-17.5229
1763548179.6249835,112,9,0,person,2.6819,,-26.2642
1763548179.6249835,112,10,27,tie,5.8963,,-15.6718
1763548179.7027981,113,1,0,person,0.5953,-0.0545,11.1756
1763548179.7038193,113,5,0,person,1.1337,0.0643,-20.7510
1763548179.7038193,113,7,27,tie,5.5426,,2.5826
1763548179.7038193,113,8,0,person,1.6409,,-17.5229
1763548179.7038193,113,9,0,person,2.6819,,-26.2642
1763548179.7048118,113,10,27,tie,6.0245,1.6057,-15.6239
1763548179.7768073,114,1,0,person,0.5882,-0.0948,10.9266
1763548179.7768073,114,5,0,person,1.1286,-0.0703,-20.7058
1763548179.7768073,114,7,27,tie,5.5426,,2.5826
1763548179.7768073,114,8,0,person,1.6409,,-17.5229
1763548179.7777972,114,9,0,person,2.6819,,-26.2642
1763548179.7777972,114,10,27,tie,6.0245,,-15.6239
1763548179.854268,115,1,0,person,0.5924,0.0541,11.1756
1763548179.854268,115,5,0,person,1.1286,,-20.7058
1763548179.854268,115,7,27,tie,5.5426,,2.5826
1763548179.8552635,115,8,0,person,1.7083,0.8595,-17.3347
1763548179.8552635,115,9,0,person,2.6819,,-26.2642
1763548179.8552635,115,10,27,tie,6.0245,,-15.6239
1763548179.9368799,116,1,0,person,0.5967,0.0515,11.2253
1763548179.9378834,116,5,0,person,1.1286,,-20.7058
1763548179.9378834,116,8,0,person,1.7321,0.2872,-17.2405
1763548179.9378834,116,9,0,person,2.6819,,-26.2642
1763548179.9378834,116,10,27,tie,6.0245,,-15.6239
1763548180.0121229,117,1,0,person,0.5967,,11.2253
1763548180.0121229,117,5,0,person,1.1286,,-20.7058
1763548180.013124,117,8,0,person,1.7321,,-17.2405
1763548180.013124,117,9,0,person,2.6819,,-26.2642
1763548180.013124,117,10,27,tie,6.0245,,-15.6239
1763548180.0920882,118,1,0,person,0.5996,0.0359,11.3247
1763548180.0920882,118,5,0,person,1.1286,,-20.7058
1763548180.0930743,118,8,0,person,1.6409,-1.1402,-17.6169
1763548180.0930743,118,9,0,person,2.6819,,-26.2642
1763548180.0930743,118,10,27,tie,6.0245,,-15.6239
1763548180.1672547,119,1,0,person,0.6098,0.1365,11.6721
1763548180.1682596,119,5,0,person,1.1286,,-20.7058
1763548180.1682596,119,8,0,person,1.5686,-0.9608,-17.9449
1763548180.1682596,119,9,0,person,2.6819,,-26.2642
1763548180.1682596,119,10,27,tie,6.0245,,-15.6239
1763548180.2449956,120,1,0,person,0.6083,-0.0191,11.7217
1763548180.2449956,120,5,0,person,1.1286,,-20.7058
1763548180.2449956,120,8,0,person,1.5492,-0.2539,-17.9449
1763548180.245994,120,9,0,person,2.6819,,-26.2642
1763548180.245994,120,10,27,tie,6.0245,,-15.6239
1763548180.3242939,121,1,0,person,0.6083,,11.7217
1763548180.3258038,121,5,0,person,1.1286,,-20.7058
1763548180.3258038,121,8,0,person,1.5492,,-17.9449
1763548180.3258038,121,9,0,person,2.6819,,-26.2642
1763548180.3258038,121,10,27,tie,6.0245,,-15.6239
1763548180.4028451,122,1,0,person,0.6128,0.0571,11.8703
1763548180.4028451,122,5,0,person,1.1286,,-20.7058
1763548180.4038372,122,8,0,person,1.4935,-0.7133,-18.1319
1763548180.4038372,122,9,0,person,2.6819,,-26.2642
1763548180.4038372,122,10,27,tie,6.0245,,-15.6239
1763548180.4830194,123,1,0,person,0.6158,0.0377,11.9693
1763548180.4840229,123,5,0,person,1.1286,,-20.7058
1763548180.4840229,123,8,0,person,1.4671,-0.3287,-17.9917
1763548180.4840229,123,9,0,person,2.6819,,-26.2642
1763548180.4840229,123,10,27,tie,6.0245,,-15.6239
1763548180.5614483,124,1,0,person,0.6158,,11.9693
1763548180.5614483,124,5,0,person,1.1601,0.4068,-19.7044
1763548180.5614483,124,8,0,person,1.4671,,-17.9917
1763548180.5614483,124,9,0,person,2.6819,,-26.2642
1763548180.5624373,124,10,27,tie,6.0245,,-15.6239
1763548180.641189,125,1,0,person,0.6143,-0.0190,11.9198
1763548180.641189,125,5,0,person,1.1601,,-19.7044
1763548180.641189,125,8,0,person,1.4012,-0.8269,-17.5229
1763548180.641189,125,9,0,person,2.6819,,-26.2642
1763548180.6421866,125,10,27,tie,6.0245,,-15.6239
1763548180.7187674,126,1,0,person,0.6143,,11.9198
1763548180.7187674,126,5,0,person,1.1601,,-19.7044
1763548180.7187674,126,8,0,person,1.4012,,-17.5229
1763548180.7197576,126,9,0,person,2.6819,,-26.2642
1763548180.7197576,126,10,27,tie,6.0245,,-15.6239
1763548180.7917738,127,1,0,person,0.6143,,11.8208
1763548180.7917738,127,5,0,person,1.1601,,-19.7044
1763548180.7927861,127,8,0,person,1.3780,-0.3138,-17.3818
1763548180.7927861,127,9,0,person,2.6819,,-26.2642
1763548180.7927861,127,10,27,tie,6.0245,,-15.6239
1763548180.8710632,128,1,0,person,0.6068,-0.0943,11.6721
1763548180.8721144,128,5,0,person,1.0436,-1.4500,-19.8874
1763548180.8721144,128,8,0,person,1.3780,,-17.3818
1763548180.8721144,128,9,0,person,2.6819,,-26.2642
1763548180.8721144,128,10,27,tie,6.0245,,-15.6239
1763548180.9522285,129,1,0,person,0.5910,-0.1949,11.0262
1763548180.953233,129,5,0,person,1.0306,-0.1595,-19.7502
1763548180.953233,129,8,0,person,1.3780,,-17.3818
1763548180.953233,129,9,0,person,2.6819,,-26.2642
1763548180.953233,129,10,27,tie,6.0245,,-15.6239
1763548181.029738,130,1,0,person,0.5910,,11.0262
1763548181.0307412,130,5,0,person,1.0306,,-19.7502
1763548181.0307412,130,8,0,person,1.3780,,-17.3818
1763548181.0307412,130,9,0,person,2.6819,,-26.2642
1763548181.0307412,130,10,27,tie,6.0245,,-15.6239
1763548181.107182,131,1,0,person,0.5734,-0.2281,10.3775
1763548181.1081946,131,5,0,person,1.0306,,-19.7502
1763548181.1081946,131,8,0,person,1.3780,,-17.3818
1763548181.1081946,131,9,0,person,2.6819,,-26.2642
1763548181.1081946,131,10,27,tie,6.0245,,-15.6239
1763548181.1857803,132,1,0,person,0.5470,-0.3360,9.2232
1763548181.1857803,132,5,0,person,1.0392,0.1107,-19.8417
1763548181.1857803,132,8,0,person,1.3780,,-17.3818
1763548181.1867788,132,9,0,person,2.6819,,-26.2642
1763548181.1867788,132,10,27,tie,6.0245,,-15.6239
1763548181.2632916,133,1,0,person,0.5458,-0.0154,9.1728
1763548181.2632916,133,5,0,person,1.0751,0.4623,-20.2067
1763548181.264276,133,8,0,person,1.3780,,-17.3818
1763548181.264276,133,9,0,person,2.6819,,-26.2642
1763548181.264276,133,10,27,tie,6.0245,,-15.6239
1763548181.3562515,134,1,0,person,0.5470,0.0129,9.1224
1763548181.3572636,134,5,0,person,1.0844,0.0995,-20.2977
1763548181.3572636,134,8,0,person,1.3780,,-17.3818
1763548181.3572636,134,9,0,person,2.6819,,-26.2642
1763548181.3572636,134,10,27,tie,6.0245,,-15.6239
1763548181.4444277,135,1,0,person,0.5470,,9.1224
1763548181.4444277,135,5,0,person,1.0844,,-20.2977
1763548181.4454272,135,8,0,person,1.3780,,-17.3818
1763548181.4454272,135,9,0,person,2.6819,,-26.2642
1763548181.4454272,135,10,27,tie,6.0245,,-15.6239
1763548181.5448146,136,1,0,person,0.5494,0.0240,9.4245
1763548181.5458298,136,5,0,person,1.0891,0.0467,-20.3431
1763548181.5458298,136,8,0,person,1.3780,,-17.3818
1763548181.5458298,136,9,0,person,2.6819,,-26.2642
1763548181.5458298,136,10,27,tie,6.0245,,-15.6239
1763548181.6249142,137,1,0,person,0.5494,,9.4245
1763548181.6259298,137,5,0,person,1.0891,,-20.3431
1763548181.6259298,137,8,0,person,1.3780,,-17.3818
1763548181.6259298,137,9,0,person,2.6819,,-26.2642
1763548181.6259298,137,10,27,tie,6.0245,,-15.6239
1763548181.7064593,138,1,0,person,0.5800,0.3760,10.6273
1763548181.7064593,138,5,0,person,1.0987,0.1192,-20.4340
1763548181.7074475,138,8,0,person,1.3780,,-17.3818
1763548181.7074475,138,9,0,person,2.6819,,-26.2642
1763548181.7074475,138,10,27,tie,6.0245,,-15.6239
1763548181.8061965,139,1,0,person,0.5827,0.0272,10.7272
1763548181.8061965,139,5,0,person,1.0987,,-20.4340
1763548181.807199,139,8,0,person,1.3780,,-17.3818
1763548181.807199,139,9,0,person,2.6819,,-26.2642
1763548181.807199,139,10,27,tie,6.0245,,-15.6239
1763548181.9154012,140,1,0,person,0.5869,0.0377,10.8768
1763548181.9154012,140,5,0,person,1.1036,0.0445,-20.4793
1763548181.9154012,140,8,0,person,1.3780,,-17.3818
1763548181.9163997,140,9,0,person,2.6819,,-26.2642
1763548181.9163997,140,10,27,tie,6.0245,,-15.6239
1763548182.0199075,141,1,0,person,0.5981,0.1077,11.2750
1763548182.0199075,141,5,0,person,1.1135,0.0943,-20.5700
1763548182.0209062,141,8,0,person,1.3780,,-17.3818
1763548182.0209062,141,9,0,person,2.6819,,-26.2642
1763548182.0209062,141,10,27,tie,6.0245,,-15.6239
1763548182.1091287,142,1,0,person,0.6083,0.1145,11.5234
1763548182.1101272,142,5,0,person,1.1286,0.1675,-20.5247
1763548182.1101272,142,8,0,person,1.3780,,-17.3818
1763548182.1111548,142,9,0,person,2.6819,,-26.2642
1763548182.1111548,142,10,27,tie,6.0245,,-15.6239
1763548182.1994457,143,1,0,person,0.6128,0.0496,11.7713
1763548182.1994457,143,5,0,person,1.1286,,-20.6153
1763548182.2004454,143,8,0,person,1.3780,,-17.3818
1763548182.2004454,143,10,27,tie,6.0245,,-15.6239
1763548182.2869527,144,1,0,person,0.6158,0.0346,11.8703
1763548182.2869527,144,5,0,person,1.1389,0.1178,-20.6153
1763548182.2869527,144,8,0,person,1.3780,,-17.3818
1763548182.2869527,144,10,27,tie,6.0245,,-15.6239
1763548182.288463,144,11,0,person,2.8343,,-26.4717
1763548182.3653426,145,1,0,person,0.6158,,11.8703
1763548182.3663573,145,5,0,person,1.1389,,-20.6153
1763548182.3663573,145,8,0,person,1.3780,,-17.3818
1763548182.3663573,145,11,0,person,2.8343,,-26.4717
1763548182.4410195,146,1,0,person,0.6158,,11.8703
1763548182.4410195,146,5,0,person,1.1389,,-20.6153
1763548182.4410195,146,8,0,person,1.3780,,-17.3818
1763548182.4410195,146,11,0,person,2.8343,,-26.4717
1763548182.523369,147,1,0,person,0.6251,0.1125,12.2657
1763548182.523369,147,5,0,person,1.1389,,-20.6153
1763548182.523369,147,8,0,person,1.8074,5.2140,-17.0517
1763548182.5243673,147,11,0,person,1.6302,-14.4467,-23.7172
1763548182.5992785,148,1,0,person,0.6267,0.0207,12.2163
1763548182.6002934,148,5,0,person,1.1389,,-20.6153
1763548182.6002934,148,8,0,person,1.5686,-3.1031,-18.1319
1763548182.6002934,148,11,0,person,1.6518,0.2844,-23.8038
1763548182.6002934,148,12,0,person,2.8343,,-26.4717
1763548182.6778314,149,1,0,person,0.6251,-0.0200,12.1670
1763548182.678834,149,5,0,person,1.1441,0.0665,-20.8413
1763548182.678834,149,8,0,person,1.5686,,-18.1319
1763548182.678834,149,11,0,person,1.6518,,-23.8038
1763548182.678834,149,12,0,person,2.8343,,-26.4717
1763548182.7692997,150,1,0,person,0.6235,-0.0171,12.2163
1763548182.7692997,150,5,0,person,1.1286,-0.1717,-20.7058
1763548182.7702975,150,8,0,person,1.6091,0.4426,-17.7576
1763548182.7702975,150,11,0,person,1.6518,,-23.8038
1763548182.7702975,150,12,0,person,2.5451,-3.1620,-26.0560
1763548182.847781,151,1,0,person,0.6235,,12.2163
1763548182.847781,151,5,0,person,1.1286,,-20.7058
1763548182.84878,151,8,0,person,1.6091,,-17.7576
1763548182.84878,151,11,0,person,1.6518,,-23.8038
1763548182.84878,151,12,0,person,2.5451,,-26.0560
1763548182.927344,152,1,0,person,0.6251,0.0196,12.2657
1763548182.927344,152,5,0,person,1.1286,,-20.7058
1763548182.9283426,152,8,0,person,1.5988,-0.1296,-17.4289
1763548182.9283426,152,11,0,person,1.6518,,-23.8038
1763548182.9283426,152,12,0,person,2.5451,,-26.0560
1763548183.0023322,153,1,0,person,0.6267,0.0209,12.2163
1763548183.0033307,153,5,0,person,1.1036,-0.3286,-20.4793
1763548183.0033307,153,8,0,person,1.5988,,-17.4289
1763548183.0033307,153,11,0,person,1.6518,,-23.8038
1763548183.0043304,153,12,0,person,2.5451,,-26.0560
1763548183.0807648,154,1,0,person,0.6330,0.0811,12.5123
1763548183.0817776,154,5,0,person,1.1036,,-20.3886
1763548183.0817776,154,8,0,person,1.5988,,-17.4289
1763548183.0817776,154,11,0,person,1.6518,,-23.8038
1763548183.0817776,154,12,0,person,2.5451,,-26.0560
1763548183.1754296,155,1,0,person,0.6330,,12.5123
1763548183.1759639,155,5,0,person,1.1036,,-20.3886
1763548183.1759639,155,8,0,person,1.5988,,-17.4289
1763548183.1759639,155,11,0,person,1.6518,,-23.8038
1763548183.1759639,155,12,0,person,2.5451,,-26.0560
1763548183.256013,156,1,0,person,0.6379,0.0603,12.6599
1763548183.2570205,156,5,0,person,1.0939,-0.1194,-20.3886
1763548183.2570205,156,8,0,person,1.5988,,-17.4289
1763548183.2570205,156,11,0,person,1.6518,,-23.8038
1763548183.2570205,156,12,0,person,2.5451,,-26.0560
1763548183.3341305,157,1,0,person,0.6412,0.0420,12.7583
1763548183.3341305,157,5,0,person,1.0891,-0.0620,-20.3431
1763548183.3341305,157,8,0,person,1.5988,,-17.4289
1763548183.335129,157,11,0,person,1.6518,,-23.8038
1763548183.335129,157,12,0,person,2.5451,,-26.0560
1763548183.4102967,158,1,0,person,0.6412,,12.7583
1763548183.4102967,158,5,0,person,1.0659,-0.3055,-20.1156
1763548183.4102967,158,8,0,person,1.5988,,-17.4289
1763548183.4102967,158,11,0,person,1.6518,,-23.8038
1763548183.4113228,158,12,0,person,2.5451,,-26.0560
1763548183.4884543,159,1,0,person,0.6395,-0.0210,12.7091
1763548183.4894578,159,5,0,person,1.0480,-0.2263,-19.9331
1763548183.4894578,159,8,0,person,1.5988,,-17.4289
1763548183.4894578,159,11,0,person,1.6518,,-23.8038
1763548183.4894578,159,12,0,person,2.5451,,-26.0560
1763548183.5701118,160,1,0,person,0.6395,,12.7091
1763548183.5701118,160,5,0,person,1.0480,,-19.9331
1763548183.5701118,160,8,0,person,1.5988,,-17.4289
1763548183.5701118,160,11,0,person,1.6518,,-23.8038
1763548183.5711062,160,12,0,person,2.5451,,-26.0560
1763548183.6460133,161,1,0,person,0.6395,,12.7091
1763548183.6460133,161,5,0,person,1.0392,-0.1151,-19.8417
1763548183.6470122,161,8,0,person,1.5988,,-17.4289
1763548183.6470122,161,11,0,person,1.6518,,-23.8038
1763548183.6470122,161,12,0,person,2.5451,,-26.0560
1763548183.7256238,162,1,0,person,0.6363,-0.0410,12.6107
1763548183.7256238,162,5,0,person,1.0349,-0.0542,-19.7959
1763548183.7266345,162,8,0,person,1.5988,,-17.4289
1763548183.7266345,162,11,0,person,1.6518,,-23.8038
1763548183.7266345,162,12,0,person,2.5451,,-26.0560
1763548183.8022277,163,1,0,person,0.6330,-0.0422,12.5123
1763548183.8022277,163,5,0,person,1.0306,-0.0558,-19.7502
1763548183.8022277,163,8,0,person,1.5988,,-17.4289
1763548183.8032255,163,11,0,person,1.6518,,-23.8038
1763548183.8032255,163,12,0,person,2.5451,,-26.0560
1763548183.8804913,164,1,0,person,0.6283,-0.0611,12.3644
1763548183.8814938,164,5,0,person,1.0264,-0.0535,-19.7044
1763548183.8814938,164,8,0,person,1.5988,,-17.4289
1763548183.8814938,164,11,0,person,1.6518,,-23.8038
1763548183.8814938,164,12,0,person,2.5451,,-26.0560
1763548184.0728548,165,1,0,person,0.6283,,12.2657
1763548184.0728548,165,5,0,person,1.0264,,-19.7044
1763548184.0728548,165,8,0,person,1.5988,,-17.4289
1763548184.0738556,165,11,0,person,1.6518,,-23.8038
1763548184.0738556,165,12,0,person,2.5451,,-26.0560
1763548184.1653023,166,1,0,person,0.6283,,12.3644
1763548184.1663055,166,5,0,person,1.0264,,-19.7044
1763548184.1663055,166,8,0,person,1.5988,,-17.4289
1763548184.1663055,166,11,0,person,1.6518,,-23.8038
1763548184.1663055,166,12,0,person,2.5451,,-26.0560
1763548184.2564783,167,1,0,person,0.6283,,12.3644
1763548184.2564783,167,5,0,person,1.0349,0.0945,-19.7959
1763548184.2574677,167,8,0,person,1.5988,,-17.4289
1763548184.2574677,167,11,0,person,1.6518,,-23.8038
1763548184.2574677,167,12,0,person,2.5451,,-26.0560
1763548184.3347616,168,1,0,person,0.6298,0.0203,12.4137
1763548184.3347616,168,5,0,person,1.0264,-0.1088,-19.7044
1763548184.3347616,168,8,0,person,1.5988,,-17.4289
1763548184.3357546,168,11,0,person,1.6518,,-23.8038
1763548184.3357546,168,12,0,person,2.5451,,-26.0560
1763548184.4092116,169,1,0,person,0.6283,-0.0213,12.3644
1763548184.4102275,169,5,0,person,1.0349,0.1129,-19.7959
1763548184.4102275,169,8,0,person,1.5988,,-17.4289
1763548184.4102275,169,11,0,person,1.6518,,-23.8038
1763548184.4112391,169,12,0,person,2.5451,,-26.0560
1763548184.4877732,170,1,0,person,0.6283,,12.3644
1763548184.4877732,170,5,0,person,1.0524,0.2252,-19.9787
1763548184.4887679,170,8,0,person,1.5988,,-17.4289
1763548184.4887679,170,11,0,person,1.6518,,-23.8038
1763548184.4887679,170,12,0,person,2.5451,,-26.0560
1763548184.5899117,171,1,0,person,0.6283,,12.3644
1763548184.5899117,171,5,0,person,1.0705,0.1769,-20.1611
1763548184.590907,171,8,0,person,1.5988,,-17.4289
1763548184.590907,171,11,0,person,1.6518,,-23.8038
1763548184.590907,171,12,0,person,2.5451,,-26.0560
1763548184.691012,172,1,0,person,0.6283,,12.3644
1763548184.692011,172,5,0,person,1.0705,,-20.1611
1763548184.692011,172,8,0,person,1.5988,,-17.4289
1763548184.692011,172,11,0,person,1.6518,,-23.8038
1763548184.692011,172,12,0,person,2.5451,,-26.0560
1763548184.7874162,173,1,0,person,0.6283,,12.3644
1763548184.7874162,173,5,0,person,1.0797,0.0971,-20.1611
1763548184.7874162,173,8,0,person,1.5988,,-17.4289
1763548184.7874162,173,11,0,person,1.6518,,-23.8038
1763548184.7884197,173,12,0,person,2.5451,,-26.0560
1763548184.8784285,174,1,0,person,0.6298,0.0174,12.3151
1763548184.8784285,174,5,0,person,1.0797,,-20.2522
1763548184.8784285,174,8,0,person,1.5988,,-17.4289
1763548184.8794315,174,11,0,person,1.6518,,-23.8038
1763548184.8794315,174,12,0,person,2.5451,,-26.0560
1763548184.9725401,175,1,0,person,0.6283,-0.0169,12.2657
1763548184.9735422,175,5,0,person,1.0659,-0.1455,-20.1156
1763548184.9735422,175,8,0,person,1.5988,,-17.4289
1763548184.9735422,175,11,0,person,1.6518,,-23.8038
1763548184.974539,175,12,0,person,2.5451,,-26.0560
1763548185.0697405,176,1,0,person,0.6267,-0.0162,12.2163
1763548185.0697405,176,5,0,person,1.0659,,-20.1156
1763548185.0707397,176,8,0,person,1.5988,,-17.4289
1763548185.0707397,176,11,0,person,1.6518,,-23.8038
1763548185.0707397,176,12,0,person,2.5451,,-26.0560
1763548185.1616795,177,1,0,person,0.6251,-0.0171,12.1670
1763548185.16268,177,5,0,person,1.0659,,-20.1156
1763548185.16268,177,8,0,person,1.5988,,-17.4289
1763548185.16268,177,11,0,person,1.6518,,-23.8038
1763548185.163679,177,12,0,person,2.5451,,-26.0560
1763548185.2523863,178,1,0,person,0.6220,-0.0344,12.0681
1763548185.253384,178,5,0,person,1.0705,0.0504,-20.0700
1763548185.253384,178,8,0,person,1.5988,,-17.4289
1763548185.253384,178,11,0,person,1.6518,,-23.8038
1763548185.2543852,178,12,0,person,2.5451,,-26.0560
1763548185.3486843,179,1,0,person,0.6204,-0.0161,12.0187
1763548185.3486843,179,5,0,person,1.0659,-0.0480,-20.1156
1763548185.3486843,179,8,0,person,1.5988,,-17.4289
1763548185.3497024,179,12,0,person,2.5451,,-26.0560
1763548185.4409447,180,1,0,person,0.6220,0.0168,12.0681
1763548185.4409447,180,5,0,person,1.0659,,-20.1156
1763548185.4419413,180,8,0,person,1.5988,,-17.4289
1763548185.4419413,180,12,0,person,2.5451,,-26.0560
1763548185.5295024,181,1,0,person,0.6204,-0.0175,11.9198
1763548185.5305068,181,5,0,person,1.0613,-0.0506,-20.0700
1763548185.5305068,181,8,0,person,1.5988,,-17.4289
1763548185.5305068,181,12,0,person,2.5451,,-26.0560
1763548185.6168418,182,1,0,person,0.6143,-0.0700,11.7217
1763548185.6178586,182,5,0,person,1.0659,0.0519,-20.1156
1763548185.6178586,182,8,0,person,1.5988,,-17.4289
1763548185.6178586,182,12,0,person,2.5451,,-26.0560
1763548185.7031174,183,1,0,person,0.6128,-0.0175,11.6721
1763548185.7041225,183,5,0,person,1.0705,0.0530,-20.0700
1763548185.8265545,184,1,0,person,0.6128,,11.6721
1763548185.8275833,184,5,0,person,1.0705,,-20.0700
1763548185.9147532,185,1,0,person,0.6128,,11.6721
1763548185.9157655,185,5,0,person,1.0705,,-20.1611
1763548185.9948714,186,1,0,person,0.6113,-0.0187,11.7217
1763548185.9963813,186,5,0,person,1.0705,,-20.1611
1763548186.0741804,187,1,0,person,0.6113,,11.7217
1763548186.0741804,187,5,0,person,1.0705,,-20.1611
1763548186.1520274,188,1,0,person,0.6083,-0.0383,11.6226
1763548186.1520274,188,5,0,person,1.0705,,-20.1611
1763548186.2274008,189,1,0,person,0.6158,0.0996,11.7713
1763548186.2274008,189,5,0,person,1.0797,0.1230,-20.0700
1763548186.3044994,190,1,0,person,0.6143,-0.0197,11.7217
1763548186.3055155,190,5,0,person,1.0751,-0.0596,-20.1156
1763548186.3855667,191,1,0,person,0.6143,,11.7217
1763548186.3855667,191,5,0,person,1.0751,,-20.1156
1763548186.4624736,192,1,0,person,0.6128,-0.0196,11.6721
1763548186.4624736,192,5,0,person,1.0797,0.0605,-20.0700
1763548186.5405455,193,1,0,person,0.6143,0.0193,11.7217
1763548186.5405455,193,5,0,person,1.0891,0.1208,-19.9787
1763548186.6187327,194,1,0,person,0.6143,,11.7217
1763548186.6187327,194,5,0,person,1.0844,-0.0606,-20.0244
1763548186.6975534,195,1,0,person,0.6143,,11.7217
1763548186.6975534,195,5,0,person,1.0844,,-20.0244
1763548186.773357,196,1,0,person,0.6128,-0.0199,11.6721
1763548186.773357,196,5,0,person,1.0891,0.0625,-20.0700
1763548186.851133,197,1,0,person,0.6143,0.0194,11.7217
1763548186.851133,197,5,0,person,1.0797,-0.1212,-20.1611
1763548186.9329853,198,1,0,person,0.6143,,11.7217
1763548186.9329853,198,5,0,person,1.0939,0.1736,-20.0244
1763548187.017503,199,1,0,person,0.6158,0.0179,11.7713
1763548187.0185187,199,5,0,person,1.0844,-0.1112,-20.1156
1763548187.1075797,200,1,0,person,0.6158,,11.7713
1763548187.1075797,200,5,0,person,1.0844,,-20.1156
1763548187.1858597,201,1,0,person,0.6143,-0.0194,11.7217
1763548187.1858597,201,5,0,person,1.0797,-0.0600,-20.0700
1763548187.2646353,202,1,0,person,0.6143,,11.7217
1763548187.2646353,202,5,0,person,1.0751,-0.0591,-20.1156
1763548187.341116,203,1,0,person,0.6143,,11.7217
1763548187.341116,203,5,0,person,1.0797,0.0609,-20.0700
1763548187.422556,204,1,0,person,0.6128,-0.0185,11.7713
1763548187.422556,204,5,0,person,1.1036,0.2933,-19.7502
1763548187.5188875,205,1,0,person,0.6833,0.7320,13.8352
1763548187.5188875,205,5,0,person,1.1036,,-19.8417
1763548187.6138618,206,1,0,person,0.6833,,13.8352
1763548187.6138618,206,5,0,person,1.1036,,-19.8417
1763548187.7149436,207,1,0,person,0.7188,0.3507,14.8057
1763548187.7159567,207,5,0,person,1.0987,-0.0476,-19.9787
1763548187.7937145,208,1,0,person,0.6633,-0.7038,13.2980
1763548187.7937145,208,5,0,person,1.0057,-1.1965,-18.7366
1763548187.8680096,209,1,0,person,0.6815,0.2439,13.7865
1763548187.869012,209,5,0,person,1.1389,1.7687,-19.7044
1763548187.869012,209,13,0,person,2.1688,,-6.5358
1763548187.9451146,210,1,0,person,0.6564,-0.3256,13.1020
1763548187.9451146,210,5,0,person,1.1547,0.2078,-19.4750
1763548187.9451146,210,13,0,person,2.1688,,-6.5358
1763548188.0231483,211,1,0,person,0.6564,,13.1020
1763548188.0241635,211,5,0,person,1.1235,-0.3948,-19.8417
1763548188.0241635,211,13,0,person,2.1688,,-6.5358
1763548188.1021378,212,1,0,person,0.6564,,13.1020
1763548188.1031516,212,5,0,person,1.1235,,-19.8417
1763548188.1031516,212,13,0,person,2.1688,,-6.5358
1763548188.1784883,213,1,0,person,0.5580,-1.2885,9.6758
1763548188.1784883,213,5,0,person,0.9448,-2.3725,-17.5229
1763548188.1794815,213,13,0,person,2.1688,,-6.5358
1763548188.2585335,214,1,0,person,0.6512,1.1648,12.9548
1763548188.2595382,214,5,0,person,1.0891,1.7816,-20.1611
1763548188.2595382,214,13,0,person,2.1688,,-6.5358
1763548188.3340905,215,1,0,person,0.6529,0.0226,13.0039
1763548188.3340905,215,5,0,person,1.0844,-0.0635,-20.2067
1763548188.3340905,215,13,0,person,2.1688,,-6.5358
1763548188.41286,216,1,0,person,0.6529,,13.0039
1763548188.4138784,216,5,0,person,1.0844,,-20.2067
1763548188.4138784,216,13,0,person,2.1688,,-6.5358
1763548188.4917958,217,1,0,person,0.6512,-0.0216,12.9548
1763548188.4928057,217,5,0,person,1.0797,-0.0595,-20.2522
1763548188.4928057,217,13,0,person,2.1688,,-6.5358
1763548188.5719657,218,1,0,person,0.6412,-0.1253,12.6599
1763548188.5719657,218,5,0,person,1.0844,0.0593,-20.2977
1763548188.5719657,218,13,0,person,2.1688,,-6.5358
1763548188.6482124,219,1,0,person,0.6598,0.2447,13.2000
1763548188.6482124,219,5,0,person,0.8940,-2.4978,-17.9449
1763548188.6487365,219,13,0,person,2.1688,,-6.5358
1763548188.7240796,220,1,0,person,0.6581,-0.0229,13.1510
1763548188.7240796,220,5,0,person,1.1036,2.7633,-20.2067
1763548188.7240796,220,13,0,person,2.1688,,-6.5358
1763548188.8052971,221,1,0,person,0.6581,,13.1510
1763548188.8063157,221,5,0,person,1.1036,,-20.2067
1763548188.8063157,221,13,0,person,2.1688,,-6.5358
1763548188.880608,222,1,0,person,0.6267,-0.4172,12.2163
1763548188.8816226,222,5,0,person,1.0844,-0.2549,-20.2067
1763548188.8816226,222,13,0,person,2.1688,,-6.5358
1763548188.9623194,223,1,0,person,0.6158,-0.1326,11.9693
1763548188.9623194,223,5,0,person,1.1821,1.2101,-20.9767
1763548188.9633183,223,13,0,person,2.1688,,-6.5358
1763548189.0384595,224,1,0,person,0.6220,0.0807,12.1670
1763548189.0384595,224,5,0,person,1.5025,4.2085,-23.1516
1763548189.0384595,224,13,0,person,2.1688,,-6.5358
1763548189.1231048,225,1,0,person,0.6220,,12.1670
1763548189.1231048,225,5,0,person,1.5025,,-23.1516
1763548189.1241024,225,13,0,person,2.1688,,-6.5358
1763548189.2187817,226,1,0,person,0.6220,,12.1670
1763548189.2197962,226,5,0,person,1.5025,,-23.1516
1763548189.2197962,226,13,0,person,2.1688,,-6.5358
1763548189.3104079,227,1,0,person,0.6462,0.2638,12.9057
1763548189.311418,227,5,0,person,1.8753,4.0689,-24.5779
1763548189.311418,227,13,0,person,2.1688,,-6.5358
1763548189.4062474,228,1,0,person,0.6669,0.2163,13.3958
1763548189.4072456,228,5,0,person,1.9186,0.4516,-24.7060
1763548189.4072456,228,13,0,person,2.1688,,-6.5358
1763548189.494941,229,1,0,person,0.6796,0.1434,13.7377
1763548189.4959395,229,5,0,person,1.9639,0.5110,-24.8339
1763548189.4959395,229,13,0,person,2.1688,,-6.5358
1763548189.5933492,230,1,0,person,0.6909,0.1148,14.0300
1763548189.5943491,230,5,0,person,1.8613,-1.0425,-24.5352
1763548189.5953538,230,13,0,person,2.1688,,-6.5358
1763548189.6837156,231,1,0,person,0.6948,0.0426,14.1273
1763548189.6847324,231,5,0,person,1.8613,,-24.5352
1763548189.6847324,231,13,0,person,2.1688,,-6.5358
1763548189.7770877,232,1,0,person,0.6967,0.0208,14.1759
1763548189.7781034,232,5,0,person,1.8613,,-24.5352
1763548189.7781034,232,13,0,person,2.1688,,-6.5358
1763548189.8743951,233,1,0,person,0.6890,-0.0791,13.9814
1763548189.8743951,233,5,0,person,1.8613,,-24.5352
1763548189.8753903,233,13,0,person,2.1688,,-6.5358
1763548189.9600892,234,1,0,person,0.6796,-0.1095,13.7377
1763548189.9600892,234,5,0,person,1.8613,,-24.5352
1763548189.9611077,234,13,0,person,2.1688,,-6.5358
1763548190.039149,235,1,0,person,0.6796,,13.7377
1763548190.0401669,235,5,0,person,1.8613,,-24.5352
1763548190.0401669,235,13,0,person,2.1688,,-6.5358
1763548190.1324341,236,1,0,person,0.6796,,13.7377
1763548190.1324341,236,5,0,person,1.8613,,-24.5352
1763548190.1334288,236,13,0,person,2.1688,,-6.5358
1763548190.2091177,237,1,0,person,0.6705,-0.1191,13.4936
1763548190.2091177,237,5,0,person,1.8613,,-24.5352
1763548190.2091177,237,13,0,person,2.1688,,-6.5358
1763548190.2888849,238,1,0,person,0.6633,-0.0894,13.2980
1763548190.2888849,238,5,0,person,1.8613,,-24.5352
1763548190.2898793,238,13,0,person,2.1688,,-6.5358
1763548190.3644617,239,1,0,person,0.6598,-0.0464,13.2000
1763548190.3654313,239,5,0,person,1.8613,,-24.5352
1763548190.3654313,239,13,0,person,2.1688,,-6.5358
1763548190.4436293,240,1,0,person,0.6546,-0.0656,13.1510
1763548190.4446554,240,5,0,person,1.8613,,-24.5352
1763548190.5246475,241,1,0,person,0.6546,,13.1510
1763548190.5256624,241,5,0,person,1.8613,,-24.5352
1763548190.6198757,242,1,0,person,0.6512,-0.0359,13.0530
1763548190.620894,242,5,0,person,1.8613,,-24.5352
1763548190.7405236,243,1,0,person,0.6512,,12.9548
1763548190.7405236,243,5,0,person,1.8613,,-24.5352
1763548190.8335996,244,1,0,person,0.6462,-0.0544,12.9057
1763548190.8335996,244,5,0,person,1.8613,,-24.5352
1763548190.928837,245,1,0,person,0.6428,-0.0350,12.7091
1763548190.9298298,245,5,0,person,1.8613,,-24.5352
1763548191.011293,246,1,0,person,0.6363,-0.0796,12.5123
1763548191.011293,246,5,0,person,1.8613,,-24.5352
1763548191.1207414,247,1,0,person,0.6330,-0.0295,12.4137
1763548191.1207414,247,5,0,person,1.8613,,-24.5352
1763548191.2585545,248,1,0,person,0.6330,,12.4137
1763548191.2585545,248,5,0,person,1.8613,,-24.5352
1763548191.3358881,249,1,0,person,0.6363,0.0418,12.6107
1763548191.3369095,249,5,0,person,1.8613,,-24.5352
1763548191.4152145,250,1,0,person,0.6363,,12.5123
1763548191.4152145,250,5,0,person,1.8613,,-24.5352
1763548191.4949381,251,1,0,person,0.6395,0.0409,12.6107
1763548191.4949381,251,5,0,person,1.8613,,-24.5352
1763548191.5902793,252,1,0,person,0.6428,0.0346,12.7091
1763548191.5902793,252,5,0,person,1.8613,,-24.5352
1763548191.6741388,253,1,0,person,0.6428,,12.7091
1763548191.6741388,253,5,0,person,1.8613,,-24.5352
1763548191.7488933,254,1,0,person,0.6428,,12.7091
1763548191.7488933,254,5,0,person,1.8613,,-24.5352
1763548191.832042,255,1,0,person,0.6428,,12.7091
1763548191.832042,255,5,0,person,1.8613,,-24.5352
1763548191.9153516,256,1,0,person,0.6428,,12.7091
1763548191.916378,256,5,0,person,1.8613,,-24.5352
1763548192.005596,257,1,0,person,0.6428,,12.7091
1763548192.0066123,257,5,0,person,1.8613,,-24.5352
1763548192.0843496,258,1,0,person,0.6412,-0.0210,12.6599
1763548192.0853686,258,5,0,person,1.8613,,-24.5352
1763548192.1574852,259,1,0,person,0.6412,,12.6599
1763548192.1574852,259,5,0,person,1.8613,,-24.5352
1763548192.2384777,260,1,0,person,0.6428,0.0204,12.7091
1763548192.2384777,260,5,0,person,1.9186,0.7071,-24.7060
1763548192.3144178,261,1,0,person,0.6428,,12.7091
1763548192.3154373,261,5,0,person,1.9186,,-24.7060
1763548192.393727,262,1,0,person,0.6428,,12.7091
1763548192.393727,262,5,0,person,1.9335,0.1900,-24.7487
1763548192.4689126,263,1,0,person,0.6428,,12.7091
1763548192.4689126,263,5,0,person,1.9639,0.4050,-24.8339
1763548192.5542047,264,1,0,person,0.6428,,12.7091
1763548192.5542047,264,5,0,person,1.9639,,-24.8339
1763548192.6499362,265,1,0,person,0.6428,,12.7091
1763548192.6499362,265,5,0,person,1.9335,-0.3181,-24.7487
1763548192.7801552,266,1,0,person,0.6428,,12.7091
1763548192.7811718,266,5,0,person,1.9186,-0.1133,-24.7060
1763548192.890555,267,1,0,person,0.6428,,12.7091
1763548192.890555,267,5,0,person,1.9186,,-24.7060
1763548192.9740293,268,1,0,person,0.6412,-0.0198,12.7583
1763548192.9740293,268,5,0,person,1.9186,,-24.7060
1763548193.0568914,269,1,0,person,0.6412,,12.7583
1763548193.0568914,269,5,0,person,1.9186,,-24.7060
1763548193.1451254,270,1,0,person,0.6428,0.0187,12.7091
1763548193.1451254,270,5,0,person,1.9186,,-24.7060
1763548193.209895,271,1,0,person,0.6428,,12.7091
1763548193.209895,271,5,0,person,1.9186,,-24.7060
1763548193.280778,272,1,0,person,0.6395,-0.0465,12.7091
1763548193.280778,272,5,0,person,1.9186,,-24.7060
1763548193.3608224,273,1,0,person,0.6346,-0.0610,12.5615
1763548193.3608224,273,5,0,person,1.9186,,-24.7060
1763548193.437266,274,1,0,person,0.6346,,12.5615
1763548193.4382727,274,5,0,person,1.9186,,-24.7060
1763548193.5160122,275,1,0,person,0.6395,0.0620,12.5123
1763548193.5160122,275,5,0,person,1.9186,,-24.7060
1763548193.59552,276,1,0,person,0.6395,,12.5123
1763548193.59552,276,5,0,person,1.9186,,-24.7060
1763548193.6704266,277,1,0,person,0.6395,,12.5123
1763548193.6704266,277,5,0,person,1.9186,,-24.7060
1763548193.7490294,278,1,0,person,0.6395,,12.5123
1763548193.7490294,278,5,0,person,1.9186,,-24.7060
1763548193.8325171,279,1,0,person,0.6909,0.6154,14.0300
1763548193.8325171,279,5,0,person,1.9186,,-24.7060
1763548193.9053938,280,1,0,person,0.7188,0.3825,14.7091
1763548193.9053938,280,5,0,person,1.9186,,-24.7060
1763548193.9888146,281,1,0,person,0.7357,0.2033,15.0952
1763548193.9888146,281,5,0,person,1.9186,,-24.7060
1763548194.06864,282,1,0,person,0.7379,0.0273,15.1434
1763548194.069657,282,5,0,person,1.9186,,-24.7060
1763548194.1417935,283,1,0,person,0.7379,,15.1434
1763548194.142809,283,5,0,person,1.9186,,-24.7060
1763548194.2190814,284,1,0,person,0.7209,-0.2208,14.7574
1763548194.2201,284,5,0,person,1.9186,,-24.7060
1763548194.2985206,285,1,0,person,0.7106,-0.1293,14.5155
1763548194.2985206,285,5,0,person,1.9186,,-24.7060
1763548194.3737705,286,1,0,person,0.7106,,14.5155
1763548194.3737705,286,5,0,person,1.9186,,-24.7060
1763548194.4520497,287,1,0,person,0.7106,,14.5155
1763548194.4520497,287,5,0,person,1.9186,,-24.7060
1763548194.5305016,288,1,0,person,0.7046,-0.0768,14.3700
1763548194.531505,288,5,0,person,1.9186,,-24.7060
1763548194.609044,289,1,0,person,0.6833,-0.2703,13.8352
1763548194.609044,289,5,0,person,1.9186,,-24.7060
1763548194.6100578,289,14,0,person,0.6815,,13.7865
1763548194.6876137,290,1,0,person,0.6651,-0.2319,13.4447
1763548194.6886299,290,5,0,person,1.9186,,-24.7060
1763548194.6886299,290,14,0,person,0.6815,,13.7865
1763548194.7849185,291,1,0,person,0.6412,-0.2460,12.7583
1763548194.7849185,291,5,0,person,1.9186,,-24.7060
1763548194.7849185,291,14,0,person,0.6815,,13.7865
1763548194.8600385,292,1,0,person,0.6412,,12.7583
1763548194.8600385,292,5,0,person,1.9186,,-24.7060
1763548194.8600385,292,14,0,person,0.6815,,13.7865
1763548194.9357748,293,1,0,person,0.6251,-0.2122,12.2657
1763548194.9367895,293,5,0,person,1.9186,,-24.7060
1763548194.9367895,293,14,0,person,0.6815,,13.7865
1763548195.0162315,294,1,0,person,0.6189,-0.0771,11.8703
1763548195.0172305,294,5,0,person,1.9486,0.3727,-24.7913
1763548195.0172305,294,14,0,person,0.6815,,13.7865
1763548195.0927532,295,1,0,person,0.6564,0.4895,9.8264
1763548195.0937681,295,5,0,person,5.3067,43.8758,-28.1446
1763548195.0937681,295,14,0,person,0.6815,,13.7865
1763548195.173723,296,1,0,person,0.6564,,9.8264
1763548195.173723,296,5,0,person,5.3067,,-28.1446
1763548195.174724,296,14,0,person,0.6815,,13.7865
1763548195.2489438,297,1,0,person,0.7209,0.8574,7.8077
1763548195.2489438,297,5,0,person,5.3067,,-28.1446
1763548195.2489438,297,14,0,person,0.6815,,13.7865
1763548195.3242579,298,1,0,person,0.7272,0.0837,7.5539
1763548195.3257675,298,5,0,person,5.3067,,-28.1446
1763548195.3257675,298,14,0,person,0.6815,,13.7865
1763548195.402705,299,1,0,person,0.7209,-0.0804,7.7063
1763548195.402705,299,5,0,person,5.3067,,-28.1446
1763548195.403707,299,14,0,person,0.6815,,13.7865
1763548195.4860609,300,1,0,person,0.6967,-0.2899,8.7189
1763548195.4860609,300,5,0,person,5.3067,,-28.1446
1763548195.4860609,300,14,0,person,0.6815,,13.7865
1763548195.558656,301,1,0,person,0.6967,,8.7189
1763548195.558656,301,5,0,person,5.3067,,-28.1446
1763548195.558656,301,14,0,person,0.6815,,13.7865
1763548195.6384401,302,1,0,person,0.6220,-0.9364,11.2750
1763548195.6384401,302,5,0,person,1.9486,-42.0905,-24.7913
1763548195.6384401,302,14,0,person,0.6815,,13.7865
1763548195.7146876,303,1,0,person,0.6189,-0.0405,11.8703
1763548195.7156932,303,5,0,person,1.9335,-0.1955,-24.7487
1763548195.7156932,303,14,0,person,0.6815,,13.7865
1763548195.7917182,304,1,0,person,0.6267,0.1009,12.0187
1763548195.7917182,304,5,0,person,1.9335,,-24.7487
1763548195.7927194,304,14,0,person,0.6815,,13.7865
1763548195.8737984,305,1,0,person,0.6267,,12.0187
1763548195.8737984,305,5,0,person,1.9335,,-24.7487
1763548195.8747988,305,14,0,person,0.6815,,13.7865
1763548195.9503253,306,1,0,person,0.6314,0.0622,12.4630
1763548195.9513395,306,5,0,person,1.8613,-0.9304,-24.5352
1763548195.9513395,306,14,0,person,0.6815,,13.7865
1763548195.9513395,306,15,0,person,2.7110,,-26.3058
1763548196.0340638,307,1,0,person,0.6379,0.0771,12.5615
1763548196.0350664,307,5,0,person,1.8895,0.3368,-24.6207
1763548196.0350664,307,14,0,person,0.6815,,13.7865
1763548196.0350664,307,15,0,person,2.7110,,-26.3058
1763548196.110393,308,1,0,person,0.6495,0.1523,12.9057
1763548196.1114028,308,5,0,person,1.9039,0.1889,-24.6634
1763548196.1114028,308,14,0,person,0.6815,,13.7865
1763548196.1114028,308,15,0,person,2.7110,,-26.3058
1763548196.1114028,308,16,0,person,0.4510,,4.2820
1763548196.197196,309,1,0,person,0.6581,0.0987,13.2490
1763548196.197196,309,5,0,person,1.8475,-0.6575,-24.4924
1763548196.197196,309,14,0,person,0.6815,,13.7865
1763548196.19819,309,15,0,person,2.7110,,-26.3058
1763548196.19819,309,16,0,person,0.4399,-0.1283,3.5618
1763548196.2874184,310,1,0,person,0.6581,,13.2490
1763548196.2874184,310,5,0,person,1.8475,,-24.4924
1763548196.2874184,310,14,0,person,0.6815,,13.7865
1763548196.2874184,310,15,0,person,2.7110,,-26.3058
1763548196.2884183,310,16,0,person,0.4399,,3.5618
1763548196.3947287,311,1,0,person,0.6723,0.1322,13.6402
1763548196.3947287,311,5,0,person,1.8895,0.3913,-24.6207
1763548196.3947287,311,14,0,person,0.6815,,13.7865
1763548196.3947287,311,15,0,person,2.7110,,-26.3058
1763548196.3957286,311,16,0,person,0.4399,,3.5618
1763548196.4932399,312,1,0,person,0.6833,0.1122,13.8352
1763548196.494243,312,5,0,person,1.8895,,-24.6207
1763548196.494243,312,14,0,person,0.6815,,13.7865
1763548196.494243,312,15,0,person,2.7110,,-26.3058
1763548196.494243,312,16,0,person,0.4399,,3.5618
1763548196.5755434,313,1,0,person,0.6871,0.0457,13.9327
1763548196.5755434,313,5,0,person,1.8753,-0.1747,-24.5779
1763548196.5765526,313,14,0,person,0.6815,,13.7865
1763548196.5765526,313,15,0,person,2.7110,,-26.3058
1763548196.5765526,313,16,0,person,0.4399,,3.5618
1763548196.6529193,314,1,0,person,0.6948,0.0989,14.1273
1763548196.6529193,314,5,0,person,1.8895,0.1836,-24.6207
1763548196.6529193,314,14,0,person,0.6815,,13.7865
1763548196.6529193,314,15,0,person,2.7110,,-26.3058
1763548196.653915,314,16,0,person,0.4399,,3.5618
1763548196.7288828,315,1,0,person,0.6948,,14.1273
1763548196.7298977,315,5,0,person,1.8895,,-24.6207
1763548196.7298977,315,14,0,person,0.6815,,13.7865
1763548196.7298977,315,15,0,person,2.7110,,-26.3058
1763548196.7298977,315,16,0,person,0.4399,,3.5618
1763548196.8063536,316,1,0,person,0.7026,0.1010,14.3215
1763548196.8063536,316,5,0,person,1.8895,,-24.6207
1763548196.8073502,316,14,0,person,0.6815,,13.7865
1763548196.8073502,316,15,0,person,2.7110,,-26.3058
1763548196.8073502,316,16,0,person,0.4399,,3.5618
1763548196.8889961,317,1,0,person,0.7026,,14.3215
1763548196.8889961,317,5,0,person,1.8895,,-24.6207
1763548196.8889961,317,14,0,person,0.6815,,13.7865
1763548196.889995,317,15,0,person,2.7110,,-26.3058
1763548196.889995,317,16,0,person,0.4399,,3.5618
1763548196.9617045,318,1,0,person,0.7006,-0.0271,14.2730
1763548196.962708,318,5,0,person,1.9039,0.1957,-24.6634
1763548196.962708,318,14,0,person,0.6815,,13.7865
1763548196.962708,318,15,0,person,2.7110,,-26.3058
1763548196.962708,318,16,0,person,0.4399,,3.5618
1763548197.0476985,319,1,0,person,0.7046,0.0460,14.3700
1763548197.0487137,319,5,0,person,1.9335,0.3432,-24.7487
1763548197.0487137,319,14,0,person,0.6815,,13.7865
1763548197.0487137,319,15,0,person,2.7110,,-26.3058
1763548197.0487137,319,16,0,person,0.4399,,3.5618
1763548197.1411238,320,1,0,person,0.7026,-0.0212,14.3215
1763548197.1421423,320,5,0,person,1.9039,-0.3159,-24.6634
1763548197.1421423,320,15,0,person,2.7110,,-26.3058
1763548197.1421423,320,16,0,person,0.4399,,3.5618
1763548197.2172384,321,1,0,person,0.6986,-0.0517,14.2244
1763548197.2182527,321,5,0,person,1.9039,,-24.6634
1763548197.2182527,321,15,0,person,2.7110,,-26.3058
1763548197.2182527,321,16,0,person,0.4399,,3.5618
1763548197.3021114,322,1,0,person,0.6890,-0.1137,13.9814
1763548197.3021114,322,5,0,person,1.9039,,-24.6634
1763548197.303106,322,15,0,person,2.7110,,-26.3058
1763548197.303106,322,16,0,person,0.4399,,3.5618
1763548197.3966227,323,1,0,person,0.6890,,13.9814
1763548197.3966227,323,5,0,person,1.9039,,-24.6634
1763548197.3976202,323,15,0,person,2.7110,,-26.3058
1763548197.3976202,323,16,0,person,0.4399,,3.5618
1763548197.4992754,324,1,0,person,0.6852,-0.0369,13.8840
1763548197.499812,324,5,0,person,1.9039,,-24.6634
1763548197.499812,324,15,0,person,2.7110,,-26.3058
1763548197.499812,324,16,0,person,0.4399,,3.5618
1763548197.5778062,325,1,0,person,0.6778,-0.0948,13.6890
1763548197.5778062,325,5,0,person,1.8753,-0.3671,-24.5779
1763548197.5788054,325,15,0,person,2.7110,,-26.3058
1763548197.5788054,325,16,0,person,0.4399,,3.5618
1763548197.6541765,326,1,0,person,0.6705,-0.0954,13.5913
1763548197.6541765,326,5,0,person,1.9039,0.3749,-24.6634
1763548197.6551714,326,15,0,person,2.7110,,-26.3058
1763548197.6551714,326,16,0,person,0.4399,,3.5618
1763548197.7321074,327,1,0,person,0.6651,-0.0688,13.4447
1763548197.7321074,327,5,0,person,1.9039,,-24.6634
1763548197.7321074,327,15,0,person,2.7110,,-26.3058
1763548197.7321074,327,16,0,person,0.4399,,3.5618
1763548197.813669,328,1,0,person,0.6616,-0.0433,13.2490
1763548197.8146832,328,5,0,person,1.9039,,-24.6634
1763548197.8146832,328,15,0,person,2.7110,,-26.3058
1763548197.8146832,328,16,0,person,0.4399,,3.5618
1763548197.9112601,329,1,0,person,0.6616,,13.2490
1763548197.9122665,329,5,0,person,1.9039,,-24.6634
1763548197.9122665,329,15,0,person,2.7110,,-26.3058
1763548197.9122665,329,16,0,person,0.4399,,3.5618
1763548198.0213192,330,1,0,person,0.6581,-0.0317,13.1510
1763548198.0213192,330,5,0,person,1.5025,-3.6811,-23.1516
1763548198.0213192,330,15,0,person,2.7110,,-26.3058
1763548198.0223148,330,16,0,person,0.4399,,3.5618
1763548198.1173422,331,1,0,person,0.6581,,13.1510
1763548198.1173422,331,5,0,person,1.6518,1.5544,-23.8038
1763548198.1183376,331,15,0,person,2.7110,,-26.3058
1763548198.1183376,331,16,0,person,0.4399,,3.5618
1763548198.2070346,332,1,0,person,0.6512,-0.0766,12.9548
1763548198.2070346,332,5,0,person,1.4758,-1.9614,-23.0203
1763548198.2070346,332,15,0,person,2.7110,,-26.3058
1763548198.2080336,332,16,0,person,0.4399,,3.5618
1763548198.3093646,333,1,0,person,0.6495,-0.0166,12.9057
1763548198.3103669,333,5,0,person,1.4758,,-23.0203
1763548198.3103669,333,15,0,person,2.7110,,-26.3058
1763548198.3103669,333,16,0,person,0.4399,,3.5618
1763548198.3875537,334,1,0,person,0.6495,,13.0039
1763548198.3875537,334,5,0,person,1.0891,-5.0097,-20.3431
1763548198.3875537,334,15,0,person,2.7110,,-26.3058
1763548198.3875537,334,16,0,person,0.4399,,3.5618
1763548198.4661899,335,1,0,person,0.6529,0.0432,13.0039
1763548198.4661899,335,5,0,person,1.0751,-0.1791,-20.2067
1763548198.467167,335,15,0,person,2.7110,,-26.3058
1763548198.467167,335,16,0,person,0.4399,,3.5618
1763548198.542877,336,1,0,person,0.6529,,13.0039
1763548198.542877,336,5,0,person,1.0480,-0.3534,-19.9331
1763548198.543871,336,15,0,person,2.7110,,-26.3058
1763548198.543871,336,16,0,person,0.4399,,3.5618
1763548198.6213653,337,1,0,person,0.6564,0.0438,13.1020
1763548198.6213653,337,5,0,person,1.0180,-0.3815,-19.6127
1763548198.6223605,337,16,0,person,0.4399,,3.5618
1763548198.6993868,338,1,0,person,0.6564,,13.1020
1763548198.7009132,338,5,0,person,1.0180,,-19.6127
1763548198.7009132,338,16,0,person,0.4399,,3.5618
1763548198.778443,339,1,0,person,0.6564,,13.1020
1763548198.7794583,339,5,0,person,0.9937,-0.3098,-19.3370
1763548198.7794583,339,16,0,person,0.4399,,3.5618
1763548198.855849,340,1,0,person,0.6723,0.2057,12.6599
1763548198.856849,340,5,0,person,0.9937,,-19.3370
1763548198.856849,340,16,0,person,0.4399,,3.5618
1763548198.9310555,341,1,0,person,0.6529,-0.2574,13.1020
1763548198.9310555,341,5,0,person,0.9977,0.0536,-19.3830
1763548199.0101311,342,1,0,person,0.6529,,13.1020
1763548199.0101311,342,5,0,person,0.9977,,-19.3830
1763548199.0878806,343,1,0,person,0.6546,0.0220,13.0530
1763548199.0894074,343,5,0,person,1.0017,0.0505,-19.4290
1763548199.1641233,344,1,0,person,0.6564,0.0226,13.1020
1763548199.1641233,344,5,0,person,1.0017,,-19.4290
1763548199.2440681,345,1,0,person,0.6546,-0.0215,13.1510
1763548199.2440681,345,5,0,person,1.0057,0.0505,-19.4750
1763548199.3221362,346,1,0,person,0.6546,,13.0530
1763548199.3231392,346,5,0,person,1.0139,0.1034,-19.5668
1763548199.4003177,347,1,0,person,0.6546,,13.0530
1763548199.4003177,347,5,0,person,1.0139,,-19.5668
1763548199.4808707,348,1,0,person,0.6581,0.0429,13.1510
1763548199.4808707,348,5,0,person,1.0222,0.1032,-19.6585
1763548199.556946,349,1,0,person,0.6581,,13.1510
1763548199.5579498,349,5,0,person,1.0264,0.0546,-19.7044
1763548199.633746,350,1,0,person,0.6616,0.0455,13.2490
1763548199.633746,350,5,0,person,1.0222,-0.0555,-19.6585
1763548199.7122483,351,1,0,person,0.6616,,13.2490
1763548199.7132492,351,5,0,person,1.0222,,-19.6585
1763548199.7913852,352,1,0,person,0.6633,0.0222,13.2980
1763548199.7913852,352,5,0,person,1.0264,0.0538,-19.7044
1763548199.867789,353,1,0,person,0.6669,0.0464,13.3958
1763548199.8687994,353,5,0,person,1.0306,0.0548,-19.7502
1763548199.9446921,354,1,0,person,0.6687,0.0232,13.4447
1763548199.9446921,354,5,0,person,1.0306,,-19.7502
1763548200.046605,355,1,0,person,0.6705,0.0176,13.4936
1763548200.0476255,355,5,0,person,1.0349,0.0415,-19.7959
1763548200.0476255,355,17,67,cell phone,8.6603,,14.0786
1763548200.1344676,356,1,0,person,0.6705,,13.4936
1763548200.1344676,356,5,0,person,1.0349,,-19.7959
1763548200.1344676,356,17,67,cell phone,8.6603,,14.0786
1763548200.21444,357,1,0,person,0.6723,0.0226,13.5425
1763548200.21444,357,5,0,person,1.0349,,-19.7959
1763548200.21444,357,17,67,cell phone,8.6603,,14.0786
1763548200.290794,358,1,0,person,0.6723,,13.5425
1763548200.290794,358,5,0,person,1.0349,,-19.7959
1763548200.290794,358,17,67,cell phone,8.9396,3.6588,14.1273
1763548200.3692765,359,1,0,person,0.6723,,13.5425
1763548200.370291,359,5,0,person,1.0392,0.0542,-19.8417
1763548200.370291,359,17,67,cell phone,8.9396,,14.1273
1763548200.4465218,360,1,0,person,0.6741,0.0235,13.5913
1763548200.4465218,360,5,0,person,1.0436,0.0570,-19.8874
1763548200.4475148,360,17,67,cell phone,8.9396,,14.1273
1763548200.5325005,361,1,0,person,0.6723,-0.0211,13.5425
1763548200.5325005,361,5,0,person,1.0436,,-19.8874
1763548200.5325005,361,17,67,cell phone,8.9396,,14.1273
1763548200.6193016,362,1,0,person,0.6723,,13.5425
1763548200.6193016,362,5,0,person,1.0436,,-19.8874
1763548200.6193016,362,17,67,cell phone,8.9396,,14.1273
1763548200.6910844,363,1,0,person,0.6723,,13.5425
1763548200.6910844,363,5,0,person,1.0392,-0.0606,-19.8417
1763548200.6910844,363,17,67,cell phone,8.9396,,14.1273
1763548200.7722926,364,1,0,person,0.6723,,13.5425
1763548200.7722926,364,5,0,person,1.0392,,-19.8417
1763548200.7732875,364,17,67,cell phone,8.9396,,14.1273
1763548200.851821,365,1,0,person,0.6723,,13.5425
1763548200.852825,365,5,0,person,1.0392,,-19.8417
1763548200.852825,365,17,67,cell phone,8.9396,,14.1273
1763548200.9289532,366,1,0,person,0.6723,,13.5425
1763548200.9289532,366,5,0,person,1.0392,,-19.8417
1763548200.9289532,366,17,67,cell phone,8.9396,,14.1273
1763548201.0073426,367,1,0,person,0.6723,,13.5425
1763548201.0073426,367,5,0,person,1.0392,,-19.8417
1763548201.0073426,367,17,67,cell phone,8.9396,,14.1273
1763548201.0852106,368,1,0,person,0.6723,,13.5425
1763548201.0852106,368,5,0,person,1.0392,,-19.8417
1763548201.0852106,368,17,67,cell phone,8.9396,,14.1273
1763548201.1576152,369,1,0,person,0.6723,,13.5425
1763548201.1576152,369,5,0,person,1.0392,,-19.8417
1763548201.1576152,369,17,67,cell phone,8.9396,,14.1273
1763548201.2418249,370,1,0,person,0.6723,,13.5425
1763548201.2418249,370,5,0,person,1.0392,,-19.8417
1763548201.2418249,370,17,67,cell phone,8.9396,,14.1273
1763548201.3762326,371,1,0,person,0.6723,,13.5425
1763548201.3773966,371,5,0,person,1.0436,0.0321,-19.8874
1763548201.3773966,371,17,67,cell phone,8.9396,,14.1273
1763548201.4614775,372,1,0,person,0.6723,,13.5425
1763548201.4624798,372,5,0,person,1.0349,-0.1018,-19.7959
1763548201.4624798,372,17,67,cell phone,8.9396,,14.1273
1763548201.5352886,373,1,0,person,0.6741,0.0246,13.5913
1763548201.5352886,373,5,0,person,1.0306,-0.0587,-19.7502
1763548201.5362842,373,17,67,cell phone,8.9396,,14.1273
1763548201.639698,374,1,0,person,0.6741,,13.5913
1763548201.6402328,374,5,0,person,1.0139,-0.1597,-19.4750
1763548201.6402328,374,17,67,cell phone,8.9396,,14.1273
1763548201.7133868,375,1,0,person,0.6741,,13.5913
1763548201.7143905,375,5,0,person,1.0139,,-19.4750
1763548201.7143905,375,17,67,cell phone,8.9396,,14.1273
1763548201.7855031,376,1,0,person,0.6741,,13.5913
1763548201.7855031,376,5,0,person,0.9977,-0.2281,-19.3830
1763548201.7855031,376,17,67,cell phone,8.9396,,14.1273
1763548201.8653479,377,1,0,person,0.6759,0.0229,13.6402
1763548201.8653479,377,5,0,person,0.9858,-0.1482,-19.2449
1763548201.866363,377,17,67,cell phone,8.9396,,14.1273
1763548201.9453993,378,1,0,person,0.6759,,13.6402
1763548201.946413,378,5,0,person,0.9858,,-19.2449
1763548201.946413,378,17,67,cell phone,8.9396,,14.1273
1763548202.0271628,379,1,0,person,0.6759,,13.6402
1763548202.0271628,379,5,0,person,0.9858,,-19.2449
1763548202.0271628,379,17,67,cell phone,8.9396,,14.1273
1763548202.1022942,380,1,0,person,0.6759,,13.6402
1763548202.1022942,380,5,0,person,0.9858,,-19.2449
1763548202.1022942,380,17,67,cell phone,8.9396,,14.1273
1763548202.179773,381,1,0,person,0.6741,-0.0236,13.5913
1763548202.179773,381,5,0,person,0.4330,-7.1351,-3.0982
1763548202.179773,381,17,67,cell phone,8.9396,,14.1273
1763548202.2583141,382,1,0,person,0.6778,0.0466,13.6890
1763548202.2593167,382,5,0,person,0.4220,-0.1382,-2.3246
1763548202.2593167,382,17,67,cell phone,8.9396,,14.1273
1763548202.2593167,382,18,0,person,0.9743,,-19.1066
1763548202.352129,383,1,0,person,0.6759,-0.0196,13.6402
1763548202.352129,383,5,0,person,0.4220,,-2.3246
1763548202.352129,383,17,67,cell phone,7.4899,-15.6193,15.4799
1763548202.352129,383,18,0,person,0.9743,,-19.0143
1763548202.4290247,384,1,0,person,0.6759,,13.6402
1763548202.4300268,384,5,0,person,0.4220,,-2.3246
1763548202.4300268,384,17,67,cell phone,7.4899,,15.4799
1763548202.4300268,384,18,0,person,0.9743,,-19.0143
1763548202.5076325,385,1,0,person,0.6796,0.0469,13.7377
1763548202.508636,385,5,0,person,0.4220,,-2.3246
1763548202.508636,385,17,67,cell phone,7.4899,,15.4799
1763548202.508636,385,18,0,person,0.9743,,-19.1066
1763548202.5883253,386,1,0,person,0.6741,-0.0683,13.5913
1763548202.5883253,386,5,0,person,0.4220,,-2.3246
1763548202.5883253,386,17,67,cell phone,7.4899,,15.4799
1763548202.5883253,386,18,0,person,0.9781,0.0479,-19.0604
1763548202.6669137,387,1,0,person,0.6759,0.0232,13.6402
1763548202.6669137,387,5,0,person,0.4220,,-2.3246
1763548202.6669137,387,17,67,cell phone,7.4899,,15.4799
1763548202.6669137,387,18,0,person,0.9743,-0.0486,-19.1066
1763548202.747211,388,1,0,person,0.6759,,13.6402
1763548202.7482145,388,5,0,person,0.4220,,-2.3246
1763548202.7482145,388,17,67,cell phone,7.4899,,15.4799
1763548202.7482145,388,18,0,person,0.9743,,-19.1066
1763548202.8218157,389,1,0,person,0.6759,,13.6402
1763548202.8228185,389,5,0,person,0.4220,,-2.3246
1763548202.8228185,389,17,67,cell phone,7.4899,,15.4799
1763548202.8228185,389,18,0,person,0.9743,,-19.1066
1763548202.9014566,390,1,0,person,0.6741,-0.0229,13.5913
1763548202.9014566,390,5,0,person,0.4220,,-2.3246
1763548202.9014566,390,17,67,cell phone,7.4899,,15.4799
1763548202.9014566,390,18,0,person,0.9781,0.0486,-19.1527
1763548202.9792156,391,1,0,person,0.6759,0.0235,13.6402
1763548202.9792156,391,5,0,person,0.4220,,-2.3246
1763548202.9792156,391,17,67,cell phone,7.4899,,15.4799
1763548202.9792156,391,18,0,person,0.9820,0.0495,-19.1989
1763548203.0622542,392,1,0,person,0.6759,,13.6402
1763548203.0622542,392,5,0,person,0.4220,,-2.3246
1763548203.0622542,392,17,67,cell phone,7.4899,,15.4799
1763548203.0622542,392,18,0,person,0.9820,,-19.1989
1763548203.149986,393,1,0,person,0.6759,,13.6402
1763548203.149986,393,5,0,person,0.4220,,-2.3246
1763548203.1509829,393,17,67,cell phone,7.4899,,15.4799
1763548203.1509829,393,18,0,person,0.9820,,-19.1989
1763548203.2297542,394,1,0,person,0.6759,,13.6402
1763548203.2297542,394,5,0,person,0.4220,,-2.3246
1763548203.2297542,394,17,67,cell phone,7.4899,,15.4799
1763548203.2297542,394,18,0,person,0.9820,,-19.1989
1763548203.3059936,395,1,0,person,0.6759,,13.6402
1763548203.3059936,395,5,0,person,0.4220,,-2.3246
1763548203.3059936,395,17,67,cell phone,7.4899,,15.4799
1763548203.3059936,395,18,0,person,0.9858,0.0509,-19.2449
1763548203.3834078,396,1,0,person,0.6759,,13.6402
1763548203.3844116,396,5,0,person,0.4220,,-2.3246
1763548203.3844116,396,17,67,cell phone,7.4899,,15.4799
1763548203.3844116,396,18,0,person,1.0392,0.6810,-18.6438
1763548203.4610307,397,1,0,person,0.6759,,13.6402
1763548203.4620352,397,5,0,person,0.4220,,-2.3246
1763548203.4620352,397,17,67,cell phone,7.4899,,15.4799
1763548203.4620352,397,18,0,person,0.9977,-0.5355,-19.1989
1763548203.5393004,398,1,0,person,0.6759,,13.6402
1763548203.5393004,398,5,0,person,0.4220,,-2.3246
1763548203.5393004,398,17,67,cell phone,7.4899,,15.4799
1763548203.5408087,398,18,0,person,0.9977,,-19.1989
1763548203.6187437,399,1,0,person,0.6778,0.0231,13.6890
1763548203.6187437,399,5,0,person,0.4220,,-2.3246
1763548203.6197448,399,17,67,cell phone,7.4899,,15.4799
1763548203.6197448,399,18,0,person,1.0017,0.0508,-19.1527
1763548203.6984348,400,1,0,person,0.6778,,13.6890
1763548203.6984348,400,5,0,person,0.4220,,-2.3246
1763548203.6984348,400,17,67,cell phone,7.4899,,15.4799
1763548203.6984348,400,18,0,person,1.0057,0.0513,-19.1066
1763548203.7725356,401,1,0,person,0.6778,,13.6890
1763548203.773539,401,5,0,person,0.4220,,-2.3246
1763548203.773539,401,17,67,cell phone,7.4899,,15.4799
1763548203.773539,401,18,0,person,0.9897,-0.2126,-19.2910
1763548203.8581958,402,1,0,person,0.6778,,13.6890
1763548203.8581958,402,5,0,person,0.4220,,-2.3246
1763548203.8591945,402,17,67,cell phone,9.5561,24.1221,14.6123
1763548203.8591945,402,18,0,person,0.9858,-0.0457,-19.2449
1763548203.943182,403,1,0,person,0.6778,,13.6890
1763548203.943182,403,5,0,person,0.4220,,-2.3246
1763548203.943182,403,17,67,cell phone,9.5561,,14.6123
1763548203.943182,403,18,0,person,0.9858,,-19.2449
1763548204.0203214,404,1,0,person,0.6778,,13.6890
1763548204.0213354,404,5,0,person,0.4220,,-2.3246
1763548204.0213354,404,17,67,cell phone,9.5561,,14.6123
1763548204.0213354,404,18,0,person,0.9858,,-19.2449
1763548204.0969462,405,1,0,person,0.6778,,13.6890
1763548204.0969462,405,5,0,person,0.4220,,-2.3246
1763548204.0969462,405,17,67,cell phone,9.5561,,14.6123
1763548204.0969462,405,18,0,person,0.7604,-2.9813,-15.6239
1763548204.1735477,406,1,0,person,0.6778,,13.6890
1763548204.1745634,406,5,0,person,0.4220,,-2.3246
1763548204.1745634,406,17,67,cell phone,9.5561,,14.6123
1763548204.1745634,406,18,0,person,0.7535,-0.0888,-15.5759
1763548204.2551308,407,1,0,person,0.6778,,13.6890
1763548204.2551308,407,5,0,person,0.4220,,-2.3246
1763548204.2551308,407,17,67,cell phone,9.5561,,14.6123
1763548204.2561336,407,18,0,person,0.7535,,-15.5759
1763548204.3333588,408,1,0,person,0.6796,0.0236,13.7377
1763548204.3333588,408,5,0,person,0.4220,,-2.3246
1763548204.3333588,408,17,67,cell phone,9.5561,,14.6123
1763548204.3333588,408,18,0,person,0.7722,0.2417,-15.9589
1763548204.410007,409,1,0,person,0.6778,-0.0241,13.6890
1763548204.410007,409,5,0,person,0.4220,,-2.3246
1763548204.410007,409,17,67,cell phone,9.5561,,14.6123
1763548204.410007,409,18,0,person,0.7722,,-15.9589
1763548204.4866283,410,1,0,person,0.6778,,13.6890
1763548204.4876318,410,5,0,person,0.4220,,-2.3246
1763548204.4876318,410,17,67,cell phone,9.5561,,14.6123
1763548204.4876318,410,18,0,person,0.7336,-0.4974,-15.0470
1763548204.5649312,411,1,0,person,0.6759,-0.0235,13.6402
1763548204.5649312,411,5,0,person,0.4220,,-2.3246
1763548204.5649312,411,17,67,cell phone,9.5561,,14.6123
1763548204.5649312,411,18,0,person,0.7445,0.1416,-15.2878
1763548204.6443222,412,1,0,person,0.6759,,13.6402
1763548204.6453261,412,5,0,person,0.4220,,-2.3246
1763548204.6453261,412,17,67,cell phone,9.5561,,14.6123
1763548204.6453261,412,18,0,person,0.7445,,-15.2878
1763548204.721354,413,1,0,person,0.6778,0.0238,13.6890
1763548204.7223582,413,17,67,cell phone,9.5561,,14.6123
1763548204.7223582,413,18,0,person,0.7229,-0.2801,-14.8057
1763548204.7997525,414,1,0,person,0.6759,-0.0234,13.6402
1763548204.7997525,414,17,67,cell phone,9.5561,,14.6123
1763548204.8007505,414,18,0,person,0.7229,,-14.8057
1763548204.8778658,415,1,0,person,0.6741,-0.0234,13.5913
1763548204.8778658,415,17,67,cell phone,9.5561,,14.6123
1763548204.8778658,415,18,0,person,0.9937,3.5109,-19.3370
1763548204.9540117,416,1,0,person,0.6741,,13.5913
1763548204.9550326,416,17,67,cell phone,9.5561,,14.6123
1763548204.9550326,416,18,0,person,0.9937,,-19.3370
1763548205.0356338,417,1,0,person,0.6741,,13.5913
1763548205.0371432,417,17,67,cell phone,9.5561,,14.6123
1763548205.0371432,417,18,0,person,0.7106,-3.4478,-14.6123
1763548205.1131678,418,1,0,person,0.6741,,13.5913
1763548205.1131678,418,17,67,cell phone,9.5561,,14.6123
1763548205.1131678,418,18,0,person,0.7106,,-14.6123
1763548205.1917145,419,1,0,person,0.6723,-0.0231,13.5425
1763548205.1917145,419,17,67,cell phone,9.5561,,14.6123
1763548205.1917145,419,18,0,person,0.9520,3.0731,-18.8292
1763548205.2846272,420,1,0,person,0.6723,,13.5425
1763548205.2856307,420,17,67,cell phone,9.5561,,14.6123
1763548205.2856307,420,18,0,person,0.7066,-2.6131,-14.4185
1763548205.375516,421,1,0,person,0.6723,,13.5425
1763548205.376024,421,17,67,cell phone,9.5561,,14.6123
1763548205.376024,421,18,0,person,0.7066,,-14.4185
1763548205.4510424,422,1,0,person,0.6723,,13.5425
1763548205.4510424,422,17,67,cell phone,9.5561,,14.6123
1763548205.4520583,422,18,0,person,0.9820,3.6219,-19.1989
1763548205.5285318,423,1,0,person,0.6723,,13.5425
1763548205.5295467,423,17,67,cell phone,9.5561,,14.6123
1763548205.5295467,423,18,0,person,0.8178,-2.1190,-16.8152
1763548205.6094713,424,1,0,person,0.6741,0.0224,13.5913
1763548205.6094713,424,17,67,cell phone,9.5561,,14.6123
1763548205.6094713,424,18,0,person,0.7558,-0.7751,-15.6239
1763548205.6864533,425,1,0,person,0.6759,0.0237,13.6402
1763548205.6874688,425,17,67,cell phone,9.5561,,14.6123
1763548205.6874688,425,18,0,person,0.7627,0.0889,-15.6718
1763548205.766255,426,1,0,person,0.6741,-0.0229,13.5913
1763548205.767256,426,17,67,cell phone,9.5561,,14.6123
1763548205.767256,426,18,0,person,0.9858,2.7961,-19.2449
1763548205.840783,427,1,0,person,0.6741,,13.5913
1763548205.840783,427,17,67,cell phone,9.5561,,14.6123
1763548205.840783,427,18,0,person,0.9858,,-19.2449
1763548205.9208994,428,1,0,person,0.6759,0.0228,13.6402
1763548205.9208994,428,17,67,cell phone,9.5561,,14.6123
1763548205.9208994,428,18,0,person,0.9977,0.1477,-19.3830
1763548205.9963102,429,1,0,person,0.6741,-0.0242,13.5913
1763548205.9963102,429,17,67,cell phone,9.5561,,14.6123
1763548205.9973097,429,18,0,person,1.0057,0.1053,-19.3830
1763548206.0821648,430,1,0,person,0.6741,,13.5913
1763548206.0821648,430,17,67,cell phone,9.5561,,14.6123
1763548206.0821648,430,18,0,person,1.0057,,-19.3830
1763548206.155179,431,1,0,person,0.6705,-0.0496,13.4936
1763548206.155179,431,17,67,cell phone,9.5561,,14.6123
1763548206.155179,431,18,0,person,1.0057,,-19.4750
1763548206.1561782,431,19,67,cell phone,8.3978,,16.0544
1763548206.233842,432,1,0,person,0.6705,,13.4936
1763548206.2348433,432,17,67,cell phone,9.5561,,14.6123
1763548206.2348433,432,18,0,person,1.0139,0.1026,-19.1989
1763548206.2348433,432,19,67,cell phone,8.3978,,16.0544
1763548206.3154323,433,1,0,person,0.6741,0.0444,13.5913
1763548206.3154323,433,17,67,cell phone,9.5561,,14.6123
1763548206.3154323,433,18,0,person,0.9937,-0.2506,-19.3370
1763548206.316415,433,19,67,cell phone,7.6980,-8.5792,15.6239
1763548206.3909485,434,1,0,person,0.6759,0.0242,13.6402
1763548206.391951,434,17,67,cell phone,9.5561,,14.6123
1763548206.391951,434,18,0,person,0.9858,-0.1027,-19.2449
1763548206.391951,434,19,67,cell phone,7.9179,2.9118,15.5759
1763548206.4826877,435,1,0,person,0.6759,,13.6402
1763548206.4837031,435,18,0,person,0.9897,0.0426,-19.2910
1763548206.4837031,435,19,67,cell phone,7.6980,-2.3971,15.5279
1763548206.5614898,436,1,0,person,0.6759,,13.6402
1763548206.5625043,436,18,0,person,0.9897,,-19.2910
1763548206.5625043,436,19,67,cell phone,7.6980,,15.5279
1763548206.6418126,437,1,0,person,0.6778,0.0229,13.6890
1763548206.6418126,437,18,0,person,0.9897,,-19.2910
1763548206.6418126,437,19,67,cell phone,7.9179,2.7733,15.4799
1763548206.7182407,438,1,0,person,0.6796,0.0242,13.7377
1763548206.7182407,438,18,0,person,0.9743,-0.2023,-18.9218
1763548206.719236,438,19,67,cell phone,8.3978,6.1981,15.3839
1763548206.7964141,439,1,0,person,0.6759,-0.0471,13.6402
1763548206.7964141,439,18,0,person,0.9897,0.1978,-19.1989
1763548206.7964141,439,19,67,cell phone,8.1508,-3.2003,15.4319
1763548206.8760343,440,1,0,person,0.6759,,13.6402
1763548206.8760343,440,18,0,person,0.9897,,-19.1989
1763548206.8760343,440,19,67,cell phone,8.1508,,15.4319
1763548206.955307,441,1,0,person,0.6741,-0.0230,13.5913
1763548206.956323,441,18,0,person,0.9897,,-19.2910
1763548206.956323,441,19,67,cell phone,8.1508,,15.4319
1763548207.0332503,442,1,0,person,0.6723,-0.0233,13.5425
1763548207.0332503,442,18,0,person,0.9937,0.0513,-19.3370
1763548207.0342493,442,19,67,cell phone,8.1508,,15.4319
1763548207.109618,443,1,0,person,0.6759,0.0477,13.6402
1763548207.109618,443,18,0,person,0.9937,,-19.3370
1763548207.1106334,443,19,67,cell phone,8.1508,,15.4319
1763548207.18757,444,1,0,person,0.6723,-0.0467,13.5425
1763548207.18757,444,18,0,person,0.9977,0.0510,-19.3830
1763548207.18757,444,19,67,cell phone,8.1508,,15.4319
1763548207.266947,445,1,0,person,0.6723,,13.5425
1763548207.2679508,445,18,0,person,0.9977,,-19.3830
1763548207.2679508,445,19,67,cell phone,8.1508,,15.4319
1763548207.345819,446,1,0,person,0.6759,0.0462,13.6402
1763548207.3473465,446,18,0,person,0.9977,,-19.3830
1763548207.3473465,446,19,67,cell phone,8.1508,,15.4319
1763548207.3473465,446,20,27,tie,1.7651,,-20.8865
1763548207.4209461,447,1,0,person,0.6723,-0.0485,13.5425
1763548207.4209461,447,18,0,person,1.0017,0.0544,-19.4290
1763548207.4209461,447,19,67,cell phone,8.1508,,15.4319
1763548207.4219475,447,20,27,tie,1.7651,,-20.8865
1763548207.5004027,448,1,0,person,0.6705,-0.0227,13.4936
1763548207.5014188,448,18,0,person,1.0057,0.0502,-19.4750
1763548207.5014188,448,19,67,cell phone,8.1508,,15.4319
1763548207.5014188,448,20,27,tie,1.7651,,-20.8865
1763548207.5805867,449,1,0,person,0.6705,,13.4936
1763548207.5805867,449,18,0,person,1.0057,,-19.4750
1763548207.5805867,449,19,67,cell phone,8.1508,,15.4319
1763548207.5805867,449,20,27,tie,1.7651,,-20.8865
1763548207.6558437,450,1,0,person,0.6741,0.0482,13.5913
1763548207.6558437,450,18,0,person,1.0057,,-19.4750
1763548207.6568372,450,19,67,cell phone,8.1508,,15.4319
1763548207.6568372,450,20,27,tie,1.7651,,-20.8865
1763548207.6568372,450,21,27,tie,5.2288,,5.2060
1763548207.7359023,451,1,0,person,0.6705,-0.0453,13.4936
1763548207.7374296,451,18,0,person,1.0098,0.0499,-19.5209
1763548207.7374296,451,19,67,cell phone,8.1508,,15.4319
1763548207.7374296,451,20,27,tie,1.7651,,-20.8865
1763548207.7374296,451,21,27,tie,5.2288,,5.2060
1763548207.8112736,452,1,0,person,0.6723,0.0240,13.5425
1763548207.8112736,452,18,0,person,1.0139,0.0556,-19.5668
1763548207.8122764,452,19,67,cell phone,8.1508,,15.4319
1763548207.8122764,452,20,27,tie,1.7651,,-20.8865
1763548207.8122764,452,21,27,tie,5.2288,,5.2060
1763548207.8897269,453,1,0,person,0.6723,,13.5425
1763548207.8897269,453,18,0,person,1.0139,,-19.5668
1763548207.8897269,453,19,67,cell phone,8.1508,,15.4319
1763548207.8897269,453,20,27,tie,1.7651,,-20.8865
1763548207.8907242,453,21,27,tie,5.2288,,5.2060
1763548207.9713247,454,1,0,person,0.7126,0.4943,14.5639
1763548207.9713247,454,18,0,person,1.0180,0.0507,-19.6127
1763548207.9728339,454,19,67,cell phone,8.1508,,15.4319
1763548207.9728339,454,20,27,tie,1.7651,,-20.8865
1763548207.9728339,454,21,27,tie,5.2288,,5.2060
1763548208.0467942,455,1,0,person,0.6705,-0.5584,13.4936
1763548208.0467942,455,18,0,person,1.0180,,-19.6127
1763548208.0477943,455,19,67,cell phone,8.1508,,15.4319
1763548208.0477943,455,20,27,tie,1.7651,,-20.8865
1763548208.0477943,455,21,27,tie,5.2288,,5.2060
1763548208.124187,456,1,0,person,0.6687,-0.0232,13.4447
1763548208.124187,456,18,0,person,1.0222,0.0539,-19.6585
1763548208.125693,456,19,67,cell phone,8.1508,,15.4319
1763548208.125693,456,20,27,tie,1.7651,,-20.8865
1763548208.125693,456,21,27,tie,5.2288,,5.2060
1763548208.2032042,457,1,0,person,0.6687,,13.4447
1763548208.2042205,457,18,0,person,1.0222,,-19.6585
1763548208.2042205,457,19,67,cell phone,8.1508,,15.4319
1763548208.2042205,457,20,27,tie,1.7651,,-20.8865
1763548208.2042205,457,21,27,tie,5.2288,,5.2060
1763548208.2828124,458,1,0,person,0.6687,,13.4447
1763548208.2838137,458,18,0,person,1.0222,,-19.6585
1763548208.2838137,458,19,67,cell phone,8.1508,,15.4319
1763548208.2838137,458,20,27,tie,1.7651,,-20.8865
1763548208.2838137,458,21,27,tie,5.2288,,5.2060
1763548208.3668168,459,1,0,person,0.6687,,13.4447
1763548208.3668168,459,18,0,person,1.0222,,-19.6585
1763548208.3668168,459,19,67,cell phone,8.1508,,15.4319
1763548208.3678157,459,20,27,tie,1.7651,,-20.8865
1763548208.3678157,459,21,27,tie,5.2288,,5.2060
1763548208.4449294,460,1,0,person,0.6669,-0.0229,13.3958
1763548208.4449294,460,18,0,person,1.0180,-0.0534,-19.6127
1763548208.4449294,460,19,67,cell phone,8.1508,,15.4319
1763548208.44592,460,20,27,tie,1.7651,,-20.8865
1763548208.44592,460,21,27,tie,5.2288,,5.2060
1763548208.5345757,461,1,0,person,0.6633,-0.0396,13.2980
1763548208.535591,461,18,0,person,1.0180,,-19.6127
1763548208.536132,461,19,67,cell phone,8.1508,,15.4319
1763548208.536132,461,20,27,tie,1.7651,,-20.8865
1763548208.536132,461,21,27,tie,5.2288,,5.2060
1763548208.609104,462,1,0,person,0.6633,,13.2980
1763548208.6101058,462,18,0,person,1.0180,,-19.6127
1763548208.6101058,462,19,67,cell phone,8.1508,,15.4319
1763548208.6101058,462,20,27,tie,1.7651,,-20.8865
1763548208.6101058,462,21,27,tie,5.2288,,5.2060
1763548208.6901555,463,1,0,person,0.6633,,13.2980
1763548208.6911762,463,18,0,person,1.0180,,-19.6127
1763548208.6911762,463,19,67,cell phone,8.1508,,15.4319
1763548208.6911762,463,20,27,tie,1.7651,,-20.8865
1763548208.6911762,463,21,27,tie,5.2288,,5.2060
1763548208.7673044,464,1,0,person,0.6616,-0.0228,13.2490
1763548208.7673044,464,18,0,person,1.0180,,-19.6127
1763548208.7683063,464,19,67,cell phone,8.1508,,15.4319
1763548208.7683063,464,20,27,tie,1.7651,,-20.8865
1763548208.7683063,464,21,27,tie,5.2288,,5.2060
1763548208.8441043,465,1,0,person,0.6598,-0.0228,13.2000
1763548208.8451035,465,18,0,person,1.0180,,-19.6127
1763548208.8451035,465,19,67,cell phone,8.1508,,15.4319
1763548208.8451035,465,20,27,tie,1.7651,,-20.8865
1763548208.8451035,465,21,27,tie,5.2288,,5.2060
1763548208.9221501,466,1,0,person,0.6598,,13.2000
1763548208.9231694,466,18,0,person,1.0180,,-19.6127
1763548208.9231694,466,19,67,cell phone,8.1508,,15.4319
1763548208.9231694,466,20,27,tie,1.7651,,-20.8865
1763548208.9231694,466,21,27,tie,5.2288,,5.2060
1763548209.0038455,467,1,0,person,0.6598,,13.2000
1763548209.0038455,467,18,0,person,1.0180,,-19.6127
1763548209.0038455,467,19,67,cell phone,8.1508,,15.4319
1763548209.0038455,467,20,27,tie,1.7651,,-20.8865
1763548209.004843,467,21,27,tie,5.2288,,5.2060
1763548209.0791218,468,1,0,person,0.6598,,13.2000
1763548209.0791218,468,18,0,person,1.0222,0.0554,-19.6585
1763548209.0791218,468,19,67,cell phone,8.1508,,15.4319
1763548209.0791218,468,20,27,tie,1.7651,,-20.8865
1763548209.0801158,468,21,27,tie,5.2288,,5.2060
1763548209.1562233,469,1,0,person,0.6598,,13.2000
1763548209.1562233,469,18,0,person,1.0306,0.1096,-19.7502
1763548209.1562233,469,19,67,cell phone,8.1508,,15.4319
1763548209.1572227,469,20,27,tie,1.7651,,-20.8865
1763548209.1572227,469,21,27,tie,5.2288,,5.2060
1763548209.2363484,470,1,0,person,0.6616,0.0218,13.2490
1763548209.2363484,470,18,0,person,1.0349,0.0534,-19.7959
1763548209.2363484,470,19,67,cell phone,8.1508,,15.4319
1763548209.2373466,470,20,27,tie,1.7651,,-20.8865
1763548209.2373466,470,21,27,tie,5.2288,,5.2060
1763548209.3130178,471,1,0,person,0.6616,,13.2490
1763548209.3130178,471,18,0,person,1.0349,,-19.7959
1763548209.3130178,471,20,27,tie,1.7651,,-20.8865
1763548209.3130178,471,21,27,tie,5.2288,,5.2060
1763548209.3939924,472,1,0,person,0.6616,,13.2490
1763548209.3939924,472,18,0,person,1.0392,0.0533,-19.8417
1763548209.3939924,472,20,27,tie,1.7651,,-20.8865
1763548209.3939924,472,21,27,tie,5.2288,,5.2060
1763548209.471099,473,1,0,person,0.6616,,13.2490
1763548209.4721138,473,18,0,person,1.0480,0.1118,-19.9331
1763548209.4721138,473,20,27,tie,1.7651,,-20.8865
1763548209.4721138,473,21,27,tie,5.2288,,5.2060
1763548209.5529892,474,1,0,person,0.6616,,13.2490
1763548209.5529892,474,18,0,person,1.0480,,-19.9331
1763548209.553989,474,20,27,tie,1.7651,,-20.8865
1763548209.553989,474,21,27,tie,5.2288,,5.2060
1763548209.627615,475,1,0,person,0.6616,,13.2490
1763548209.627615,475,18,0,person,1.0524,0.0593,-19.9787
1763548209.6286297,475,20,27,tie,1.7651,,-20.8865
1763548209.6286297,475,21,27,tie,5.2288,,5.2060
1763548209.7081091,476,1,0,person,0.6616,,13.2490
1763548209.7081091,476,18,0,person,1.0524,,-19.9787
1763548209.7081091,476,20,27,tie,1.7651,,-20.8865
1763548209.7081091,476,21,27,tie,5.2288,,5.2060
1763548209.7842968,477,1,0,person,0.6616,,13.2490
1763548209.7842968,477,18,0,person,1.0613,0.1176,-20.0700
1763548209.7852902,477,21,27,tie,5.2288,,5.2060
1763548209.8620403,478,1,0,person,0.6564,-0.0672,13.1020
1763548209.8620403,478,18,0,person,1.0613,,-20.0700
1763548209.863036,478,21,27,tie,5.2288,,5.2060
1763548209.9396417,479,1,0,person,0.6564,,13.1020
1763548209.9396417,479,18,0,person,1.0659,0.0584,-20.1156
1763548209.9396417,479,21,27,tie,5.2288,,5.2060
1763548210.0171788,480,1,0,person,0.6564,,13.1020
1763548210.0181944,480,18,0,person,1.0659,,-20.1156
1763548210.0181944,480,21,27,tie,5.2288,,5.2060
1763548210.097568,481,1,0,person,0.6564,,13.1020
1763548210.097568,481,18,0,person,1.0705,0.0576,-20.1611
1763548210.097568,481,21,27,tie,5.2288,,5.2060
1763548210.1744425,482,1,0,person,0.6564,,13.1020
1763548210.1744425,482,18,0,person,1.0705,,-20.1611
1763548210.2522526,483,1,0,person,0.6564,,13.1020
1763548210.2532525,483,18,0,person,1.0659,-0.0580,-20.0244
1763548210.3305285,484,1,0,person,0.6564,,13.1020
1763548210.3305285,484,18,0,person,1.0568,-0.1169,-20.0244
1763548210.4112732,485,1,0,person,0.6564,,13.1020
1763548210.4112732,485,18,0,person,1.0568,,-20.0244
1763548210.4866564,486,1,0,person,0.6546,-0.0229,13.0530
1763548210.4866564,486,18,0,person,1.0436,-0.1760,-19.8874
1763548210.565398,487,1,0,person,0.6564,0.0219,13.1020
1763548210.5664132,487,18,0,person,1.0436,,-19.8874
1763548210.6432793,488,1,0,person,0.6564,,13.1020
1763548210.6442826,488,18,0,person,1.0524,0.1131,-19.9787
1763548210.7208042,489,1,0,person,0.6564,,13.1020
1763548210.7218232,489,18,0,person,1.0524,,-19.9787
1763548210.8012989,490,1,0,person,0.6564,,13.1020
1763548210.8012989,490,18,0,person,1.0524,,-19.9787
1763548210.8793714,491,1,0,person,0.6581,0.0222,13.1510
1763548210.8803844,491,18,0,person,1.0568,0.0564,-20.0244
1763548210.9589868,492,1,0,person,0.6581,,13.1510
1763548210.9599888,492,18,0,person,1.0659,0.1135,-20.0244
1763548211.0365708,493,1,0,person,0.6616,0.0450,13.2490
1763548211.0365708,493,18,0,person,1.0797,0.1808,-20.1611
1763548211.1254604,494,1,0,person,0.6616,,13.2490
1763548211.126472,494,18,0,person,1.1036,0.2657,-20.2977
1763548211.214644,495,1,0,person,0.6616,,13.2490
1763548211.214644,495,18,0,person,1.1036,,-20.2977
1763548211.2905982,496,1,0,person,0.6616,,13.2490
1763548211.2905982,496,18,0,person,1.1235,0.2618,-20.2977
1763548211.3665557,497,1,0,person,0.6633,0.0232,13.2980
1763548211.3675723,497,18,0,person,1.1036,-0.2583,-20.4793
1763548211.4437764,498,1,0,person,0.6529,-0.1349,13.0039
1763548211.4437764,498,18,0,person,1.1085,0.0644,-20.5247
1763548211.5198429,499,1,0,person,0.6529,,13.0039
1763548211.5198429,499,18,0,person,1.1085,,-20.5247
1763548211.6028461,500,1,0,person,0.6445,-0.1016,12.7583
1763548211.6028461,500,18,0,person,1.1085,,-20.5247
1763548211.6782987,501,1,0,person,0.6251,-0.2569,12.2657
1763548211.6782987,501,18,0,person,1.1135,0.0656,-20.4793
1763548211.755285,502,1,0,person,0.6143,-0.1400,11.9198
1763548211.7562983,502,18,0,person,1.1185,0.0640,-20.6153
1763548211.8429737,503,1,0,person,0.6158,0.0173,11.9693
1763548211.8429737,503,18,0,person,1.1235,0.0581,-20.6606
1763548211.9332283,504,1,0,person,0.6158,,11.9693
1763548211.9332283,504,18,0,person,1.1235,,-20.6606
1763548212.0041237,505,1,0,person,0.6068,-0.1268,11.6721
1763548212.0051277,505,18,0,person,1.1135,-0.1395,-20.5700
1763548212.082746,506,1,0,person,0.5938,-0.1654,11.1258
1763548212.0837505,506,18,0,person,1.1036,-0.1253,-20.3886
1763548212.161525,507,1,0,person,0.5814,-0.1581,10.6773
1763548212.161525,507,18,0,person,1.0797,-0.3071,-20.1611
1763548212.241108,508,1,0,person,0.5814,,10.6773
1763548212.241108,508,18,0,person,1.0797,,-20.1611
1763548212.3187573,509,1,0,person,0.5787,-0.0347,10.4775
1763548212.3187573,509,18,0,person,1.0751,-0.0599,-20.1156
1763548212.4027326,510,1,0,person,0.5707,-0.0946,10.2774
1763548212.40375,510,18,0,person,1.0705,-0.0543,-20.1611
1763548212.4950812,511,1,0,person,0.5721,0.0142,10.2274
1763548212.4950812,511,18,0,person,1.0844,0.1529,-20.2977
1763548212.5699763,512,1,0,person,0.5707,-0.0175,10.1773
1763548212.5699763,512,18,0,person,1.0797,-0.0627,-20.2522
1763548212.6519284,513,1,0,person,0.5707,,10.2774
1763548212.6519284,513,18,0,person,1.0844,0.0573,-20.2977
1763548212.7280068,514,1,0,person,0.5707,,10.2774
1763548212.7280068,514,18,0,person,1.0844,,-20.2977
1763548212.8045652,515,1,0,person,0.5694,-0.0170,10.1272
1763548212.8045652,515,18,0,person,1.0939,0.1243,-20.3886
1763548212.8868136,516,1,0,person,0.5694,,10.1272
1763548212.8868136,516,18,0,person,1.1821,1.0716,-19.4290
1763548212.964587,517,1,0,person,0.5694,,10.1272
1763548212.965593,517,18,0,person,1.0705,-1.4168,-20.1611
1763548213.050038,518,1,0,person,0.5694,,10.1272
1763548213.050038,518,18,0,person,1.0480,-0.2663,-19.9331
1763548213.1384275,519,1,0,person,0.5694,,10.1272
1763548213.1384275,519,18,0,person,1.0480,,-19.9331
1763548213.2160163,520,1,0,person,0.5694,,10.1272
1763548213.2170343,520,18,0,person,1.0264,-0.2743,-19.7044
1763548213.294452,521,1,0,person,0.5681,-0.0165,10.0771
1763548213.294452,521,18,0,person,1.0180,-0.1082,-19.5209
1763548213.3721309,522,1,0,person,0.5681,,10.0771
1763548213.3721309,522,18,0,person,1.1036,1.1018,-18.2718
1763548213.4498038,523,1,0,person,0.5669,-0.0166,10.0270
1763548213.4498038,523,18,0,person,0.9820,-1.5663,-19.1066
1763548213.6195846,524,1,0,person,0.5669,,10.0270
1763548213.6205838,524,18,0,person,0.9705,-0.0671,-19.0604
1763548213.7642307,525,1,0,person,0.5669,,10.0270
1763548213.7642307,525,18,0,person,0.9743,0.0264,-19.1066
1763548213.856028,526,1,0,person,0.5669,,10.0270
1763548213.8570309,526,18,0,person,0.9820,0.0827,-19.1989
1763548213.9460142,527,1,0,person,0.5681,0.0143,10.0771
1763548213.9470189,527,18,0,person,0.9858,0.0431,-19.2449
1763548214.0434253,528,1,0,person,0.5681,,10.0771
1763548214.0434253,528,18,0,person,0.9820,-0.0403,-19.1989
1763548214.1238773,529,1,0,person,0.5694,0.0161,10.1272
1763548214.1254108,529,18,0,person,0.9820,,-19.1989
1763548214.2054124,530,1,0,person,0.5694,,10.1272
1763548214.2054124,530,18,0,person,0.9820,,-19.1989
1763548214.2826989,531,1,0,person,0.5681,-0.0168,10.0771
1763548214.2837172,531,18,0,person,0.9858,0.0496,-19.2449
1763548214.3624003,532,1,0,person,0.5669,-0.0162,10.1272
1763548214.363414,532,18,0,person,0.9937,0.0986,-19.2449
1763548214.4785936,533,1,0,person,0.5669,,10.0270
1763548214.4796,533,18,0,person,1.0017,0.0687,-19.2449
1763548214.5727482,534,1,0,person,0.5669,,10.0270
1763548214.5727482,534,18,0,person,1.0017,,-19.2449
1763548214.6562612,535,1,0,person,0.5630,-0.0460,9.9769
1763548214.6572642,535,18,0,person,1.0180,0.1935,-19.0604
1763548214.7344384,536,1,0,person,0.5669,0.0491,10.0270
1763548214.7354395,536,18,0,person,1.0264,0.1072,-18.9680
1763548215.1657863,537,1,0,person,0.5681,0.0030,10.0771
1763548215.1677773,537,18,0,person,1.0306,0.0098,-18.8292
1763548215.2801478,538,1,0,person,0.5630,-0.0449,9.8766
1763548215.2801478,538,18,0,person,1.0222,-0.0752,-19.0143
1763548215.3633742,539,1,0,person,0.5669,0.0461,10.0270
1763548215.3643782,539,18,0,person,1.0264,0.0499,-18.9680
1763548215.4450028,540,1,0,person,0.5669,,10.0270
1763548215.4450028,540,18,0,person,1.0222,-0.0522,-19.1066
1763548215.5367258,541,1,0,person,0.5656,-0.0140,9.9769
1763548215.5367258,541,18,0,person,1.0349,0.1387,-19.0604
1763548215.625632,542,1,0,person,0.5669,0.0145,10.0270
1763548215.6269643,542,18,0,person,1.0392,0.0478,-19.0143
1763548215.7063992,543,1,0,person,0.5669,,10.0270
1763548215.7063992,543,18,0,person,1.0524,0.1656,-18.8755
1763548215.7998912,544,1,0,person,0.5669,,10.0270
1763548215.7998912,544,18,0,person,1.0524,,-18.8755
1763548215.8951824,545,1,0,person,0.5669,,10.0270
1763548215.8951824,545,18,0,person,1.0392,-0.1380,-19.0143
1763548215.987926,546,1,0,person,0.5669,,10.0270
1763548215.987926,546,18,0,person,1.0180,-0.2287,-19.2449
1763548216.0822608,547,1,0,person,0.5669,,10.0270
1763548216.0822608,547,18,0,person,1.0222,0.0442,-19.1989
1763548216.1749368,548,1,0,person,0.5669,,10.0270
1763548216.1749368,548,18,0,person,1.0222,,-19.1989
1763548216.266194,549,1,0,person,0.5656,-0.0141,9.9769
1763548216.266194,549,18,0,person,1.0098,-0.1360,-19.4290
1763548216.3448524,550,1,0,person,0.5669,0.0163,10.0270
1763548216.3448524,550,18,0,person,1.0180,0.1048,-19.3370
1763548216.4184353,551,1,0,person,0.5656,-0.0175,9.9769
1763548216.4194484,551,18,0,person,1.0392,0.2843,-19.1066
1763548216.4968395,552,1,0,person,0.5656,,10.0771
1763548216.4968395,552,18,0,person,1.0222,-0.2201,-19.2910
1763548216.5795174,553,1,0,person,0.5656,,10.0771
1763548216.5795174,553,18,0,person,1.0222,,-19.2910
1763548216.6512554,554,1,0,person,0.5681,0.0359,10.0771
1763548216.652274,554,18,0,person,1.0222,,-19.2910
1763548216.7298114,555,1,0,person,0.5656,-0.0328,9.9769
1763548216.7308106,555,18,0,person,1.0139,-0.1058,-19.2910
1763548216.8068519,556,1,0,person,0.5814,0.2053,10.6773
1763548216.8078635,556,18,0,person,1.0139,,-19.3830
1763548216.8886485,557,1,0,person,0.5707,-0.1301,10.1773
1763548216.8886485,557,18,0,person,1.0180,0.0512,-19.3370
1763548216.9798114,558,1,0,person,0.5869,0.1768,10.8768
1763548216.9798114,558,18,0,person,1.0098,-0.0904,-19.4290
1763548217.0601647,559,1,0,person,0.5869,,10.8768
1763548217.0611763,559,18,0,person,1.0098,,-19.4290
1763548217.141943,560,1,0,person,0.5669,-0.2446,10.0270
1763548217.141943,560,18,0,person,1.0098,,-19.4290
1763548217.2188606,561,1,0,person,0.5669,,10.0270
1763548217.2188606,561,18,0,person,1.0098,,-19.5209
1763548217.2188606,561,22,27,tie,4.2635,,2.5310
1763548217.2943554,562,1,0,person,0.5669,,10.0270
1763548217.2948904,562,18,0,person,1.0098,,-19.5209
1763548217.2948904,562,22,27,tie,4.2635,,2.5310
1763548217.3718815,563,1,0,person,0.5669,,10.0270
1763548217.3718815,563,18,0,person,1.0098,,-19.5209
1763548217.3728957,563,22,27,tie,4.2635,,2.5310
1763548217.452336,564,1,0,person,0.5669,,10.0270
1763548217.4533498,564,18,0,person,1.0098,,-19.5209
1763548217.4533498,564,22,27,tie,4.2635,,2.5310
1763548217.5283518,565,1,0,person,0.5669,,10.0270
1763548217.5283518,565,18,0,person,1.0180,0.1099,-19.5209
1763548217.5293517,565,22,27,tie,4.2635,,2.5310
1763548217.6064267,566,1,0,person,0.5669,,10.0270
1763548217.607439,566,18,0,person,1.0180,,-19.5209
1763548217.607439,566,22,27,tie,4.2635,,2.5310
1763548217.6840873,567,1,0,person,0.5656,-0.0166,9.9769
1763548217.6851027,567,18,0,person,1.0180,,-19.6127
1763548217.6851027,567,22,27,tie,4.2635,,2.5310
1763548217.7637808,568,1,0,person,0.5656,,9.9769
1763548217.7637808,568,18,0,person,1.0180,,-19.6127
1763548217.7637808,568,22,27,tie,4.2635,,2.5310
1763548217.8416471,569,1,0,person,0.5656,,9.9769
1763548217.842662,569,18,0,person,1.0264,0.1062,-19.6127
1763548217.842662,569,22,27,tie,4.2635,,2.5310
1763548217.919307,570,1,0,person,0.5669,0.0166,10.0270
1763548217.9203095,570,18,0,person,1.0436,0.2212,-19.3370
1763548217.9203095,570,22,27,tie,4.2635,,2.5310
1763548217.9967756,571,1,0,person,0.5669,,10.0270
1763548217.9977794,571,18,0,person,1.0349,-0.1118,-19.4290
1763548217.9977794,571,22,27,tie,4.2635,,2.5310
1763548218.0723689,572,1,0,person,0.5669,,10.0270
1763548218.0723689,572,18,0,person,1.0349,,-19.4290
1763548218.0723689,572,22,27,tie,4.2635,,2.5310
1763548218.157009,573,1,0,person,0.5669,,10.0270
1763548218.158013,573,18,0,person,1.0524,0.2039,-19.0604
1763548218.158013,573,22,27,tie,4.2635,,2.5310
1763548218.2330053,574,1,0,person,0.5656,-0.0169,9.9769
1763548218.2340086,574,18,0,person,1.0057,-0.6142,-19.1989
1763548218.2340086,574,22,27,tie,4.2635,,2.5310
1763548218.3133996,575,1,0,person,0.5681,0.0320,10.0771
1763548218.3144143,575,18,0,person,0.9820,-0.2955,-19.1066
1763548218.3144143,575,22,27,tie,4.2635,,2.5310
1763548218.4033256,576,1,0,person,0.5669,-0.0144,10.0270
1763548218.4033256,576,18,0,person,1.0659,0.9439,-18.1785
1763548218.4043212,576,22,27,tie,4.3989,1.5054,2.4278
1763548218.4786255,577,1,0,person,0.5669,,10.0270
1763548218.4786255,577,18,0,person,1.0659,,-18.1785
1763548218.4786255,577,22,27,tie,4.3989,,2.4278
1763548218.5555165,578,1,0,person,0.5669,,10.0270
1763548218.5555165,578,18,0,person,1.0797,0.1800,-18.1319
1763548218.5565133,578,22,27,tie,4.3989,,2.4278
1763548218.6440558,579,1,0,person,0.5681,0.0146,10.0771
1763548218.6440558,579,18,0,person,1.0613,-0.2076,-18.5045
1763548218.6450863,579,22,27,tie,4.3989,,2.4278
1763548218.731838,580,1,0,person,0.5643,-0.0439,10.0270
1763548218.7328303,580,18,0,person,1.1185,0.6433,-18.1319
1763548218.7328303,580,22,27,tie,4.3989,,2.4278
1763548218.7328303,580,23,0,person,2.2470,,-25.5112
1763548218.8075488,581,1,0,person,0.5669,0.0339,10.1272
1763548218.8075488,581,18,0,person,1.5025,5.1399,-15.3358
1763548218.8075488,581,22,27,tie,4.3989,,2.4278
1763548218.8075488,581,23,0,person,1.0017,-16.6668,-19.2449
1763548218.9058368,582,1,0,person,0.5567,-0.1030,9.6256
1763548218.9068396,582,18,0,person,1.5025,,-15.3358
1763548218.9068396,582,22,27,tie,4.3989,,2.4278
1763548218.9068396,582,23,0,person,1.0844,0.8334,-18.3649
1763548218.9922907,583,1,0,person,0.5567,,9.6256
1763548218.993284,583,18,0,person,1.5025,,-15.3358
1763548218.993284,583,22,27,tie,4.3989,,2.4278
1763548218.993284,583,23,0,person,1.0844,,-18.3649
1763548219.084496,584,1,0,person,0.5543,-0.0268,9.6256
1763548219.0855005,584,18,0,person,1.5025,,-15.3358
1763548219.0855005,584,22,27,tie,4.3989,,2.4278
1763548219.0855005,584,23,0,person,1.0392,-0.4900,-18.9218
1763548219.169678,585,1,0,person,0.5543,,9.6256
1763548219.1706767,585,18,0,person,1.5025,,-15.3358
1763548219.1706767,585,22,27,tie,4.3989,,2.4278
1763548219.1706767,585,23,0,person,1.0392,,-18.9218
1763548219.3757422,586,1,0,person,0.5592,0.0241,9.8264
1763548219.3767743,586,18,0,person,1.5025,,-15.3358
1763548219.3777704,586,22,27,tie,4.3989,,2.4278
1763548219.3787746,586,23,0,person,1.0139,-0.1218,-19.4750
1763548219.5740368,587,1,0,person,0.5580,-0.0063,9.7762
1763548219.5765893,587,18,0,person,1.5025,,-15.3358
1763548219.5775876,587,22,27,tie,4.3301,-0.3440,3.4073
1763548219.5785882,587,23,0,person,1.0306,0.0839,-19.5668
1763548219.7716742,588,1,0,person,0.5580,,9.7762
1763548219.7736742,588,18,0,person,1.5025,,-15.3358
1763548219.7746766,588,22,27,tie,4.3301,,3.4073
1763548219.7746766,588,23,0,person,1.0392,0.0438,-19.3830
1763548219.9693058,589,1,0,person,0.5643,0.0319,10.0270
1763548219.9713018,589,18,0,person,1.5025,,-15.3358
1763548219.9722998,589,22,27,tie,4.3301,,3.4073
1763548219.9722998,589,23,0,person,1.0180,-0.1073,-19.5209
1763554705.910137,1,1,0,person,0.4627,,-3.3558
1763554705.9111583,1,2,0,person,1.1235,,20.5700
1763554706.1169508,2,1,0,person,0.4671,0.0209,-4.8470
1763554706.1169508,2,2,0,person,1.1765,0.2575,21.0217
1763554706.239404,3,1,0,person,0.4016,-0.5344,-0.1551
1763554706.239404,3,2,0,person,1.1710,-0.0451,20.9767
1763554706.332054,4,1,0,person,0.4576,0.6045,-4.2820
1763554706.332054,4,2,0,person,1.1710,,20.9767
1763554706.4360778,5,1,0,person,0.4551,-0.0241,-4.2306
1763554706.4360778,5,2,0,person,1.1710,,20.9767
1763554706.5428705,6,1,0,person,0.4576,0.0235,-4.3848
1763554706.5428705,6,2,0,person,1.1710,,20.9767
1763554706.6534169,7,1,0,person,0.3978,-0.5414,0.1551
1763554706.6544175,7,2,0,person,1.1765,0.0495,21.0217
1763554706.7777328,8,1,0,person,0.4023,0.0361,-0.5169
1763554706.7787309,8,2,0,person,1.1765,,21.0217
1763554706.905461,9,1,0,person,0.4036,0.0102,-0.5169
1763554706.905461,9,2,0,person,1.1710,-0.0436,20.9767
1763554707.0130205,10,1,0,person,0.4852,0.7592,-5.9740
1763554707.0130205,10,2,0,person,1.1547,-0.1512,20.9316
1763554707.1230254,11,1,0,person,0.5018,0.1509,-6.1273
1763554707.124039,11,2,0,person,1.1286,-0.2353,20.7058
1763554707.2390487,12,1,0,person,0.4330,-0.5932,-3.3043
1763554707.2390487,12,2,0,person,1.1135,-0.1314,20.5700
1763554707.3438494,13,1,0,person,0.5617,1.2284,-9.9268
1763554707.3438494,13,2,0,person,1.0939,-0.1864,20.2977
1763554707.453412,14,1,0,person,0.6039,0.3848,-9.0720
1763554707.453412,14,2,0,person,1.0613,-0.2974,19.9787
1763554707.5598986,15,1,0,person,0.5869,-0.1601,-10.4775
1763554707.5598986,15,2,0,person,1.0524,-0.0841,19.9787
1763554707.677511,16,1,0,person,0.6478,0.5184,-12.3644
1763554707.6785083,16,2,0,person,1.0392,-0.1109,19.7502
1763554707.7764754,17,1,0,person,0.6948,0.4741,-11.4737
1763554707.7764754,17,2,0,person,1.0349,-0.0440,19.7044
1763554707.8927743,18,1,0,person,0.6986,0.0335,-11.9693
1763554707.8927743,18,2,0,person,1.0306,-0.0368,19.6585
1763554707.9966295,19,1,0,person,0.6928,-0.0561,-11.7217
1763554707.998066,19,2,0,person,1.0139,-0.1592,19.4750
1763554707.998066,19,3,27,tie,4.7781,,-10.8269
1763554707.9990752,19,4,74,clock,3.3389,,-11.9693
1763554708.1083503,20,1,0,person,0.6909,-0.0172,-12.1670
1763554708.1083503,20,2,0,person,0.9977,-0.1471,19.2910
1763554708.1083503,20,3,27,tie,4.7781,,-10.8269
1763554708.1093438,20,4,74,clock,3.3389,,-11.9693
1763554708.2083728,21,1,0,person,0.6928,0.0192,-12.1176
1763554708.209373,21,2,0,person,0.9977,,19.2910
1763554708.209373,21,3,27,tie,4.7781,,-10.8269
1763554708.209373,21,4,74,clock,3.3389,,-11.9693
1763554708.3022573,22,1,0,person,0.6871,-0.0610,-12.1670
1763554708.3032622,22,2,0,person,0.9937,-0.0423,19.2449
1763554708.3032622,22,3,27,tie,4.7781,,-10.8269
1763554708.3032622,22,4,74,clock,3.3389,,-11.9693
1763554708.407799,23,1,0,person,0.6909,0.0361,-12.0681
1763554708.407799,23,2,0,person,0.9937,,19.2449
1763554708.407799,23,3,27,tie,4.7781,,-10.8269
1763554708.4087975,23,4,74,clock,3.3389,,-11.9693
1763554708.5049744,24,1,0,person,0.6871,-0.0392,-12.1670
1763554708.5049744,24,2,0,person,0.9897,-0.0406,19.1989
1763554708.5049744,24,3,27,tie,4.7781,,-10.8269
1763554708.5049744,24,4,74,clock,3.3389,,-11.9693
1763554708.597129,25,1,0,person,0.6928,0.0621,-12.1176
1763554708.5981426,25,2,0,person,0.9937,0.0423,19.2449
1763554708.5981426,25,3,27,tie,4.7781,,-10.8269
1763554708.5981426,25,4,74,clock,3.3389,,-11.9693
1763554708.691895,26,1,0,person,0.6928,,-12.1176
1763554708.691895,26,2,0,person,0.9937,,19.2449
1763554708.6924038,26,3,27,tie,4.7781,,-10.8269
1763554708.6924038,26,4,74,clock,3.3389,,-11.9693
1763554708.7869115,27,1,0,person,0.6967,0.0407,-12.0187
1763554708.7869115,27,2,0,person,0.9977,0.0418,19.2910
1763554708.7879105,27,3,27,tie,4.7781,,-10.8269
1763554708.7879105,27,4,74,clock,3.3389,,-11.9693
1763554708.8980896,28,1,0,person,0.6948,-0.0175,-12.0681
1763554708.899115,28,2,0,person,0.9977,,19.2910
1763554708.899115,28,3,27,tie,4.7781,,-10.8269
1763554708.899115,28,4,74,clock,3.2603,-0.7065,-11.6721
1763554709.0049396,29,1,0,person,0.6986,0.0364,-12.0681
1763554709.0049396,29,2,0,person,1.0017,0.0379,19.3370
1763554709.0049396,29,3,27,tie,4.7781,,-10.8269
1763554709.0059538,29,4,74,clock,3.2603,,-11.6721
1763554709.111451,30,1,0,person,0.6986,,-12.1670
1763554709.1124635,30,2,0,person,1.0017,,19.3370
1763554709.1124635,30,3,27,tie,4.7781,,-10.8269
1763554709.1124635,30,4,74,clock,3.2603,,-11.6721
1763554709.203832,31,1,0,person,0.6928,-0.0630,-12.2163
1763554709.2048464,31,2,0,person,1.0017,,19.3370
1763554709.2048464,31,3,27,tie,4.7781,,-10.8269
1763554709.2048464,31,4,74,clock,3.2603,,-11.6721
1763554709.298178,32,1,0,person,0.6948,0.0205,-12.2657
1763554709.298178,32,2,0,person,0.9977,-0.0429,19.2910
1763554709.298178,32,3,27,tie,4.7781,,-10.8269
1763554709.2991776,32,4,74,clock,3.2603,,-11.6721
1763554709.3887792,33,1,0,person,0.7006,0.0646,-12.1176
1763554709.3887792,33,2,0,person,1.0017,0.0442,19.3370
1763554709.389772,33,3,27,tie,4.7781,,-10.8269
1763554709.389772,33,4,74,clock,3.2603,,-11.6721
1763554709.47986,34,1,0,person,0.6967,-0.0430,-12.0187
1763554709.47986,34,2,0,person,1.0017,,19.3370
1763554709.47986,34,3,27,tie,4.7781,,-10.8269
1763554709.47986,34,4,74,clock,3.2603,,-11.6721
1763554709.5743473,35,1,0,person,0.6967,,-12.0187
1763554709.5743473,35,2,0,person,1.0017,,19.3370
1763554709.5743473,35,3,27,tie,4.7781,,-10.8269
1763554709.5743473,35,4,74,clock,3.2603,,-11.6721
1763554709.6657023,36,1,0,person,0.6909,-0.0634,-12.2657
1763554709.6667018,36,2,0,person,1.0017,,19.3370
1763554709.6667018,36,3,27,tie,4.7781,,-10.8269
1763554709.6667018,36,4,74,clock,3.2603,,-11.6721
1763554709.764006,37,1,0,person,0.6948,0.0392,-12.1670
1763554709.7650058,37,2,0,person,1.0017,,19.3370
1763554709.7650058,37,3,27,tie,4.7781,,-10.8269
1763554709.7650058,37,4,74,clock,3.2603,,-11.6721
1763554709.860803,38,1,0,person,0.6948,,-11.9693
1763554709.8618011,38,2,0,person,1.0017,,19.3370
1763554709.8618011,38,3,27,tie,4.7781,,-10.8269
1763554709.8618011,38,4,74,clock,3.2603,,-11.6721
1763554709.9693556,39,1,0,person,0.6909,-0.0355,-11.9693
1763554709.9693556,39,2,0,person,1.0057,0.0376,19.3830
1763554709.9693556,39,3,27,tie,4.7781,,-10.8269
1763554709.9703705,39,4,74,clock,3.2603,,-11.6721
1763554710.079982,40,1,0,person,0.6871,-0.0344,-12.0681
1763554710.079982,40,2,0,person,1.0057,,19.3830
1763554710.079982,40,3,27,tie,4.7781,,-10.8269
1763554710.0809717,40,4,74,clock,3.2603,,-11.6721
1763554710.1855404,41,1,0,person,0.6928,0.0542,-12.0187
1763554710.1855404,41,2,0,person,1.0057,,19.3830
1763554710.186537,41,3,27,tie,4.7781,,-10.8269
1763554710.186537,41,4,74,clock,3.2603,,-11.6721
1763554710.289655,42,1,0,person,0.6909,-0.0184,-11.9693
1763554710.289655,42,2,0,person,1.0057,,19.3830
1763554710.289655,42,3,27,tie,4.7781,,-10.8269
1763554710.2906523,42,4,74,clock,3.2603,,-11.6721
1763554710.3813195,43,1,0,person,0.6833,-0.0826,-12.1670
1763554710.3813195,43,2,0,person,1.0057,,19.3830
1763554710.3823168,43,3,27,tie,4.7781,,-10.8269
1763554710.3823168,43,4,74,clock,3.2603,,-11.6721
1763554710.4796708,44,1,0,person,0.6890,0.0576,-12.1176
1763554710.4796708,44,2,0,person,1.0017,-0.0411,19.4290
1763554710.4796708,44,3,27,tie,4.7781,,-10.8269
1763554710.4806705,44,4,74,clock,3.2603,,-11.6721
1763554710.571312,45,1,0,person,0.6909,0.0208,-12.1670
1763554710.571312,45,2,0,person,1.0098,0.0885,19.4290
1763554710.571312,45,3,27,tie,4.7781,,-10.8269
1763554710.57231,45,4,74,clock,3.2603,,-11.6721
1763554710.6642597,46,1,0,person,0.6796,-0.1215,-12.0681
1763554710.6642597,46,2,0,person,1.0057,-0.0438,19.4750
1763554710.6652665,46,3,27,tie,4.7781,,-10.8269
1763554710.6652665,46,4,74,clock,3.2603,,-11.6721
1763554710.7578557,47,1,0,person,0.6669,-0.1359,-12.2163
1763554710.7578557,47,2,0,person,1.0057,,19.4750
1763554710.7588553,47,3,27,tie,4.7781,,-10.8269
1763554710.7588553,47,4,74,clock,3.2603,,-11.6721
1763554710.85359,48,1,0,person,0.6796,0.1329,-12.3644
1763554710.854591,48,2,0,person,1.0098,0.0421,19.4290
1763554710.854591,48,3,27,tie,4.7781,,-10.8269
1763554710.854591,48,4,74,clock,3.2603,,-11.6721
1763554710.9453814,49,1,0,person,0.6651,-0.1579,-12.1670
1763554710.9453814,49,2,0,person,1.0098,,19.4290
1763554710.9453814,49,3,27,tie,4.7781,,-10.8269
1763554710.946375,49,4,74,clock,3.2603,,-11.6721
1763554710.946375,49,5,0,person,2.0785,,25.0463
1763554711.0422153,50,1,0,person,0.6616,-0.0364,-12.0681
1763554711.043215,50,2,0,person,1.0098,,19.4290
1763554711.043215,50,4,74,clock,3.2603,,-11.6721
1763554711.043215,50,5,0,person,2.0278,-0.5235,24.9189
1763554711.1352303,51,1,0,person,0.6741,0.1346,-12.4137
1763554711.1352303,51,2,0,person,1.0057,-0.0443,19.3830
1763554711.136225,51,4,74,clock,3.2603,,-11.6721
1763554711.136225,51,5,0,person,1.8895,-1.4865,24.5352
1763554711.2324178,52,1,0,person,0.6581,-0.1647,-11.8703
1763554711.2324178,52,2,0,person,1.0057,,19.3830
1763554711.2334185,52,4,74,clock,3.2603,,-11.6721
1763554711.2334185,52,5,0,person,1.8475,-0.4320,24.4067
1763554711.3245976,53,1,0,person,0.6871,0.3147,-12.6599
1763554711.3245976,53,2,0,person,1.0057,,19.3830
1763554711.3245976,53,4,74,clock,3.2603,,-11.6721
1763554711.3255951,53,5,0,person,1.7321,-1.2527,24.0198
1763554711.4144185,54,1,0,person,0.6796,-0.0834,-13.0530
1763554711.4154181,54,2,0,person,1.0057,,19.3830
1763554711.4154181,54,4,74,clock,3.2603,,-11.6721
1763554711.4154181,54,5,0,person,1.6967,-0.3935,23.8903
1763554711.5152292,55,1,0,person,0.6833,0.0369,-12.4630
1763554711.5152292,55,2,0,person,1.0057,,19.3830
1763554711.5152292,55,4,74,clock,3.2603,,-11.6721
1763554711.5162494,55,5,0,person,1.5492,-1.4632,23.2825
1763554711.607477,56,1,0,person,0.6741,-0.1001,-12.6107
1763554711.607477,56,2,0,person,1.0057,,19.3830
1763554711.607477,56,4,74,clock,3.2603,,-11.6721
1763554711.6084661,56,5,0,person,1.4417,-1.1653,22.7571
1763554711.696149,57,1,0,person,0.6669,-0.0813,-12.8075
1763554711.696149,57,2,0,person,1.0057,,19.3830
1763554711.696149,57,4,74,clock,3.2603,,-11.6721
1763554711.6971486,57,5,0,person,1.4091,-0.3674,22.5811
1763554711.7905164,58,1,0,person,0.6651,-0.0188,-12.7583
1763554711.7905164,58,2,0,person,1.0057,,19.3830
1763554711.7915142,58,4,74,clock,3.2603,,-11.6721
1763554711.7915142,58,5,0,person,1.3058,-1.0945,21.9614
1763554711.8828313,59,1,0,person,0.6669,0.0193,-12.6107
1763554711.8828313,59,2,0,person,1.0057,,19.3830
1763554711.8828313,59,5,0,person,1.2856,-0.2211,21.8279
1763554711.9810386,60,1,0,person,0.6687,0.0182,-12.4630
1763554711.9810386,60,2,0,person,1.0017,-0.0411,19.3370
1763554711.9810386,60,5,0,person,1.1934,-0.9396,21.1567
1763554712.0743268,61,1,0,person,0.6705,0.0193,-12.7091
1763554712.0743268,61,2,0,person,1.0017,,19.3370
1763554712.0743268,61,5,0,person,1.1655,-0.2989,20.9316
1763554712.1685772,62,1,0,person,0.6633,-0.0757,-12.6107
1763554712.1685772,62,2,0,person,0.9937,-0.0847,19.3370
1763554712.169572,62,5,0,person,1.1547,-0.1133,20.8413
1763554712.2618518,63,1,0,person,0.6651,0.0190,-12.6599
1763554712.2618518,63,2,0,person,0.9937,,19.2449
1763554712.262848,63,5,0,person,1.1389,-0.1696,20.7058
1763554712.354535,64,1,0,person,0.6723,0.0774,-12.3644
1763554712.354535,64,2,0,person,0.9897,-0.0425,19.1989
1763554712.3555338,64,5,0,person,1.1337,-0.0559,20.6606
1763554712.4480536,65,1,0,person,0.6651,-0.0767,-12.7583
1763554712.4495685,65,2,0,person,0.9820,-0.0820,19.1066
1763554712.4495685,65,5,0,person,1.1441,0.1106,20.7510
1763554712.5406675,66,1,0,person,0.6598,-0.0570,-12.8075
1763554712.5406675,66,2,0,person,0.9820,,19.1066
1763554712.5416603,66,5,0,person,1.1494,0.0573,20.7962
1763554712.63485,67,1,0,person,0.6581,-0.0185,-12.7583
1763554712.63584,67,2,0,person,0.9781,-0.0405,19.0604
1763554712.63584,67,5,0,person,1.1547,0.0565,20.8413
1763554712.7289321,68,1,0,person,0.6651,0.0746,-12.7583
1763554712.7289321,68,2,0,person,0.9781,,19.0604
1763554712.7299316,68,5,0,person,1.1765,0.2315,21.0217
1763554712.82288,69,1,0,person,0.6669,0.0189,-12.7091
1763554712.82288,69,2,0,person,0.9781,,19.0604
1763554712.8238761,69,5,0,person,1.1934,0.1798,21.1567
1763554712.9155948,70,1,0,person,0.6633,-0.0383,-12.5123
1763554712.9155948,70,2,0,person,0.9820,0.0415,19.1066
1763554712.9165943,70,5,0,person,1.2409,0.5123,21.5154
1763554713.0140676,71,1,0,person,0.6616,-0.0179,-12.6599
1763554713.0140676,71,2,0,person,0.9858,0.0394,19.1527
1763554713.0150638,71,5,0,person,1.2923,0.5223,21.8724
1763554713.1064277,72,1,0,person,0.6616,,-12.5615
1763554713.1064277,72,2,0,person,0.9858,,19.1527
1763554713.1074238,72,5,0,person,1.3267,0.3721,22.0947
1763554713.1980388,73,1,0,person,0.6651,0.0385,-12.5615
1763554713.19904,73,2,0,person,0.9858,,19.1527
1763554713.19904,73,5,0,person,1.3482,0.2348,22.2277
1763554713.2947364,74,1,0,person,0.6598,-0.0546,-12.7091
1763554713.2957354,74,2,0,person,0.9781,-0.0800,19.1527
1763554713.2957354,74,5,0,person,1.3482,,22.2277
1763554713.3890615,75,1,0,person,0.6651,0.0560,-12.5615
1763554713.3900602,75,2,0,person,0.9820,0.0408,19.1989
1763554713.3900602,75,5,0,person,1.3482,,22.2277
1763554713.4837043,76,1,0,person,0.6616,-0.0373,-12.6599
1763554713.4837043,76,2,0,person,0.9820,,19.1989
1763554713.4837043,76,5,0,person,1.3482,,22.2277
1763554713.5765426,77,1,0,person,0.6651,0.0380,-12.6599
1763554713.5765426,77,2,0,person,0.9820,,19.1989
1763554713.577539,77,5,0,person,1.3482,,22.2277
1763554713.6722658,78,1,0,person,0.6633,-0.0185,-12.6107
1763554713.6722658,78,2,0,person,0.9858,0.0405,19.1527
1763554713.6722658,78,5,0,person,1.3482,,22.2277
1763554713.7621715,79,1,0,person,0.6633,,-12.7091
1763554713.76317,79,2,0,person,0.9858,,19.1527
1763554713.76317,79,5,0,person,1.3482,,22.2277
1763554713.8549929,80,1,0,person,0.6633,,-12.7091
1763554713.8549929,80,2,0,person,0.9858,,19.1527
1763554713.8559902,80,5,0,person,1.3482,,22.2277
1763554713.9521742,81,1,0,person,0.6669,0.0365,-12.8075
1763554713.9531722,81,2,0,person,0.9858,,19.2449
1763554713.9531722,81,5,0,person,1.3482,,22.2277
1763554714.046025,82,1,0,person,0.6796,0.1355,-13.0530
1763554714.046025,82,2,0,person,0.9937,0.0846,19.2449
1763554714.046025,82,5,0,person,1.3482,,22.2277
1763554714.140298,83,1,0,person,0.6705,-0.0969,-12.7091
1763554714.140807,83,2,0,person,0.9897,-0.0416,19.2910
1763554714.140807,83,5,0,person,1.3482,,22.2277
1763554714.231908,84,1,0,person,0.6651,-0.0585,-12.8566
1763554714.231908,84,2,0,person,0.9937,0.0433,19.2449
1763554714.2329056,84,5,0,person,1.3482,,22.2277
1763554714.328363,85,1,0,person,0.6723,0.0743,-13.1510
1763554714.328363,85,2,0,person,0.9937,,19.2449
1763554714.329362,85,5,0,person,1.3482,,22.2277
1763554714.4161282,86,1,0,person,0.6669,-0.0614,-13.1020
1763554714.4161282,86,2,0,person,0.9977,0.0453,19.2910
1763554714.4171226,86,5,0,person,1.3482,,22.2277
1763554714.5117257,87,1,0,person,0.6633,-0.0371,-13.0039
1763554714.5117257,87,2,0,person,0.9937,-0.0416,19.3370
1763554714.5127645,87,5,0,person,1.3482,,22.2277
1763554714.6045847,88,1,0,person,0.6669,0.0382,-12.8075
1763554714.6045847,88,2,0,person,0.9937,,19.3370
1763554714.6055794,88,5,0,person,1.3482,,22.2277
1763554714.697738,89,1,0,person,0.6705,0.0385,-12.8075
1763554714.697738,89,2,0,person,0.9977,0.0427,19.3830
1763554714.69873,89,5,0,person,1.3482,,22.2277
1763554714.792694,90,1,0,person,0.6669,-0.0378,-12.9057
1763554714.793691,90,2,0,person,0.9977,,19.3830
1763554714.793691,90,5,0,person,1.3482,,22.2277
1763554714.8840947,91,1,0,person,0.6651,-0.0195,-12.7583
1763554714.8840947,91,2,0,person,0.9820,-0.1738,19.1989
1763554714.8850806,91,5,0,person,1.3482,,22.2277
1763554714.9779003,92,1,0,person,0.6616,-0.0376,-12.9548
1763554714.9779003,92,2,0,person,0.9897,0.0831,19.2910
1763554714.978902,92,5,0,person,1.3482,,22.2277
1763554715.074704,93,1,0,person,0.6723,0.1105,-12.9548
1763554715.074704,93,2,0,person,0.9937,0.0407,19.3370
1763554715.074704,93,5,0,person,1.3482,,22.2277
1763554715.1712036,94,1,0,person,0.6705,-0.0187,-12.8075
1763554715.1722143,94,2,0,person,0.9937,,19.3370
1763554715.1722143,94,5,0,person,1.3482,,22.2277
1763554715.2693639,95,1,0,person,0.6723,0.0184,-12.8566
1763554715.2693639,95,2,0,person,0.9937,,19.3370
1763554715.270361,95,5,0,person,1.3482,,22.2277
1763554715.371527,96,1,0,person,0.6741,0.0178,-13.0039
1763554715.371527,96,2,0,person,0.9937,,19.3370
1763554715.371527,96,5,0,person,1.3482,,22.2277
1763554715.463316,97,1,0,person,0.6741,,-12.9057
1763554715.463316,97,2,0,person,0.9977,0.0433,19.2910
1763554715.4643142,97,5,0,person,1.3482,,22.2277
1763554715.5575886,98,1,0,person,0.6741,,-12.9057
1763554715.5575886,98,2,0,person,0.9977,,19.2910
1763554715.5586033,98,5,0,person,1.3482,,22.2277
1763554715.6502035,99,1,0,person,0.6759,0.0197,-12.8566
1763554715.651203,99,2,0,person,1.0017,0.0428,19.3370
1763554715.651203,99,5,0,person,1.3482,,22.2277
1763554715.7421806,100,1,0,person,0.6759,,-12.7583
1763554715.7431781,100,2,0,person,1.0017,,19.3370
1763554715.7431781,100,5,0,person,1.3482,,22.2277
1763554715.8352222,101,1,0,person,0.6759,,-12.7583
1763554715.8362205,101,2,0,person,1.0017,,19.3370
1763554715.8362205,101,5,0,person,1.3482,,22.2277
1763554715.9337869,102,1,0,person,0.6759,,-12.8566
1763554715.9348102,102,2,0,person,1.0017,,19.3370
1763554715.9348102,102,5,0,person,1.3482,,22.2277
1763554716.0295744,103,1,0,person,0.6741,-0.0191,-12.9057
1763554716.0295744,103,2,0,person,1.0057,0.0426,19.3830
1763554716.030571,103,5,0,person,1.3482,,22.2277
1763554716.131997,104,1,0,person,0.6833,0.0902,-12.6599
1763554716.1329992,104,2,0,person,1.0057,,19.3830
1763554716.2225575,105,1,0,person,0.6815,-0.0206,-12.7091
1763554716.2225575,105,2,0,person,1.0098,0.0455,19.4290
1763554716.3167992,106,1,0,person,0.6833,0.0198,-12.6599
1763554716.3167992,106,2,0,person,1.0139,0.0436,19.4750
1763554716.4147143,107,1,0,person,0.6815,-0.0191,-12.7091
1763554716.415713,107,2,0,person,1.0180,0.0418,19.5209
1763554716.5042274,108,1,0,person,0.6796,-0.0207,-12.7583
1763554716.5052252,108,2,0,person,1.0222,0.0466,19.5668
1763554716.595466,109,1,0,person,0.6687,-0.1198,-13.0530
1763554716.5964806,109,2,0,person,1.0222,,19.5668
1763554716.6941996,110,1,0,person,0.6741,0.0549,-12.9057
1763554716.6941996,110,2,0,person,1.0222,,19.5668
1763554716.78618,111,1,0,person,0.6778,0.0398,-12.8075
1763554716.7871926,111,2,0,person,1.0222,,19.5668
1763554716.8786852,112,1,0,person,0.6741,-0.0396,-12.9057
1763554716.8786852,112,2,0,person,1.0180,-0.0456,19.5209
1763554716.9717724,113,1,0,person,0.6723,-0.0195,-12.9548
1763554716.972784,113,2,0,person,1.0180,,19.5209
1763554717.0664349,114,1,0,person,0.6778,0.0579,-12.8075
1763554717.0674503,114,2,0,person,1.0180,,19.5209
1763554717.1600773,115,1,0,person,0.6741,-0.0391,-13.0039
1763554717.1600773,115,2,0,person,1.0139,-0.0447,19.4750
1763554717.2511902,116,1,0,person,0.6687,-0.0595,-13.0530
1763554717.2521834,116,2,0,person,1.0139,,19.5668
1763554717.3472695,117,1,0,person,0.6741,0.0564,-12.9057
1763554717.34829,117,2,0,person,1.0139,,19.4750
1763554717.4347923,118,1,0,person,0.6462,-0.3193,-12.4137
1763554717.4357939,118,2,0,person,1.0139,,19.4750
1763554717.5285268,119,1,0,person,0.6235,-0.2413,-10.7272
1763554717.5285268,119,2,0,person,1.0139,,19.5668
1763554717.621601,120,1,0,person,0.5910,-0.3493,-10.7272
1763554717.621601,120,2,0,person,1.0139,,19.5668
1763554717.715845,121,1,0,person,0.5924,0.0149,-9.0720
1763554717.7168481,121,2,0,person,1.0180,0.0434,19.5209
1763554717.7168481,121,6,0,person,0.7722,,-15.7676
1763554717.8100595,122,1,0,person,0.5399,-0.5580,-8.4156
1763554717.8110685,122,2,0,person,1.0222,0.0443,19.6585
1763554717.8110685,122,6,0,person,0.7722,,-15.7676
1763554717.9014912,123,1,0,person,0.5399,,-8.8198
1763554717.9024885,123,2,0,person,1.0264,0.0460,19.7044
1763554717.9024885,123,6,0,person,0.7722,,-15.7676
1763554717.998196,124,1,0,person,0.4988,-0.4243,-7.0963
1763554717.999195,124,2,0,person,1.0349,0.0881,19.7959
1763554717.999195,124,6,0,person,0.7722,,-15.7676
1763554718.0923321,125,1,0,person,0.4593,-0.4196,-4.6930
1763554718.0934463,125,2,0,person,1.0987,0.6772,20.4340
1763554718.0934463,125,6,0,person,0.7722,,-15.7676
1763554718.1844099,126,1,0,person,0.4751,0.1710,-5.7182
1763554718.1844099,126,2,0,person,1.1601,0.6742,20.9767
1763554718.1854067,126,6,0,person,0.7722,,-15.7676
1763554718.2781098,127,1,0,person,0.4036,-0.7630,-1.1370
1763554718.2791095,127,2,0,person,1.2286,0.7241,21.4259
1763554718.2791095,127,6,0,person,0.7722,,-15.7676
1763554718.3717182,128,1,0,person,0.4391,0.3795,-3.7162
1763554718.3717182,128,2,0,person,1.2471,0.1990,21.5602
1763554718.3717182,128,6,0,person,0.7722,,-15.7676
1763554718.4636462,129,1,0,person,0.3965,-0.4632,-0.4652
1763554718.4636462,129,2,0,person,1.2409,-0.0675,21.6049
1763554718.4636462,129,6,0,person,0.7722,,-15.7676
1763554718.559123,130,1,0,person,0.4220,0.2670,-2.5310
1763554718.559123,130,2,0,person,1.2347,-0.0643,21.5602
1763554718.5601213,130,6,0,person,0.7722,,-15.7676
1763554718.6531472,131,1,0,person,0.4619,0.4239,-5.0522
1763554718.6531472,131,2,0,person,1.2167,-0.1922,21.4259
1763554718.654672,131,6,0,person,0.7722,,-15.7676
1763554718.7444215,132,1,0,person,0.4383,-0.2579,-3.4588
1763554718.7444215,132,2,0,person,1.2108,-0.0647,21.3811
1763554718.7444215,132,6,0,person,0.7722,,-15.7676
1763554718.8390558,133,1,0,person,0.4368,-0.0162,-3.4588
1763554718.8390558,133,2,0,person,1.2167,0.0624,21.4259
1763554718.8390558,133,6,0,person,0.7722,,-15.7676
1763554718.9340615,134,1,0,person,0.4636,0.2820,-5.1548
1763554718.9340615,134,2,0,person,1.1991,-0.1847,21.2914
1763554718.9350588,134,6,0,person,0.7722,,-15.7676
1763554719.0275965,135,1,0,person,0.4653,0.0185,-5.2573
1763554719.0275965,135,2,0,person,1.2167,0.1876,21.4259
1763554719.0286045,135,6,0,person,0.7722,,-15.7676
1763554719.1196613,136,1,0,person,0.4645,-0.0094,-5.3085
1763554719.1196613,136,2,0,person,1.2226,0.0648,21.3811
1763554719.1206517,136,6,0,person,0.7722,,-15.7676
1763554719.2147431,137,1,0,person,0.4688,0.0459,-5.4622
1763554719.2157505,137,2,0,person,1.2108,-0.1235,21.2914
1763554719.2157505,137,6,0,person,0.7722,,-15.7676
1763554719.3127027,138,1,0,person,0.4688,,-5.4622
1763554719.3127027,138,2,0,person,1.2108,,21.2914
1763554719.3137014,138,6,0,person,0.7722,,-15.7676
1763554719.4007566,139,1,0,person,0.4671,-0.0199,-5.3598
1763554719.4017532,139,2,0,person,1.1991,-0.1307,21.2016
1763554719.4017532,139,6,0,person,0.7722,,-15.7676
1763554719.4976642,140,1,0,person,0.4308,-0.3746,-3.0467
1763554719.4976642,140,2,0,person,1.1934,-0.0598,21.1567
1763554719.4986472,140,6,0,person,0.7722,,-15.7676
1763554719.5903971,141,1,0,person,0.4271,-0.0398,-2.7889
1763554719.5913928,141,2,0,person,1.1710,-0.2391,20.9767
1763554719.5913928,141,6,0,person,0.7722,,-15.7676
1763554719.6844277,142,1,0,person,0.4164,-0.1137,-2.0150
1763554719.6844277,142,2,0,person,1.1710,,20.9767
1763554719.6844277,142,6,0,person,0.7722,,-15.7676
1763554719.775947,143,1,0,person,0.4143,-0.0227,-1.9633
1763554719.775947,143,2,0,person,1.1655,-0.0598,20.9316
1763554719.776962,143,6,0,person,0.7722,,-15.7676
1763554719.8690984,144,1,0,person,0.4627,0.5199,-4.8983
1763554719.8690984,144,2,0,person,1.1601,-0.0582,20.8865
1763554719.8700974,144,6,0,person,0.7722,,-15.7676
1763554719.9679606,145,1,0,person,0.4627,,-4.8983
1763554719.9679606,145,2,0,person,1.1601,,20.8865
1763554719.968959,145,6,0,person,0.7722,,-15.7676
1763554720.0600638,146,1,0,person,0.4627,,-5.0009
1763554720.0610762,146,2,0,person,1.1765,0.1763,21.0217
1763554720.0610762,146,6,0,person,0.7722,,-15.7676
1763554720.159762,147,1,0,person,0.4220,-0.4084,-2.1182
1763554720.159762,147,2,0,person,1.1991,0.2293,21.2016
1763554720.159762,147,6,0,person,0.7722,,-15.7676
1763554720.2485685,148,1,0,person,0.4157,-0.0713,-1.7568
1763554720.249568,148,2,0,person,1.2167,0.1954,21.3363
1763554720.249568,148,6,0,person,0.7722,,-15.7676
1763554720.3459446,149,1,0,person,0.4143,-0.0142,-1.3436
1763554720.3459446,149,2,0,person,1.2226,0.0619,21.3811
1763554720.3469427,149,6,0,person,0.7722,,-15.7676
1763554720.439941,150,1,0,person,0.4199,0.0594,-2.2730
1763554720.440939,150,2,0,person,1.2597,0.3900,21.6495
1763554720.441473,150,6,0,person,0.7722,,-15.7676
1763554720.5329733,151,1,0,person,0.4192,-0.0076,-2.3246
1763554720.5329733,151,2,0,person,1.2791,0.2106,21.7834
1763554720.5339775,151,6,0,person,0.7722,,-15.7676
1763554720.6238546,152,1,0,person,0.4256,0.0708,-2.7889
1763554720.6253748,152,2,0,person,1.3058,0.2899,21.9614
1763554720.718646,153,1,0,person,0.4278,0.0231,-2.8405
1763554720.7196453,153,2,0,person,1.3127,0.0729,22.0059
1763554720.8135786,154,1,0,person,0.4285,0.0077,-2.9951
1763554720.8135786,154,2,0,person,1.3555,0.4557,22.2719
1763554720.906171,155,1,0,person,0.4293,0.0080,-2.7373
1763554720.906171,155,2,0,person,1.3934,0.4089,22.4929
1763554721.0020597,156,1,0,person,0.4199,-0.0980,-2.1698
1763554721.0020597,156,2,0,person,1.4091,0.1642,22.5811
1763554721.096355,157,1,0,person,0.4220,0.0226,-2.4278
1763554721.096355,157,2,0,person,1.4171,0.0849,22.6251
1763554721.1896672,158,1,0,person,0.4391,0.1831,-1.3436
1763554721.1896672,158,2,0,person,1.3856,-0.3375,22.4488
1763554721.2811754,159,1,0,person,0.4308,-0.0912,-1.4986
1763554721.2811754,159,2,0,person,1.4012,0.1701,22.5370
1763554721.3824778,160,1,0,person,0.4082,-0.2227,-1.2920
1763554721.3834722,160,2,0,person,1.3934,-0.0765,22.4929
1763554721.4905121,161,1,0,person,0.4285,0.1883,-2.6858
1763554721.4905121,161,2,0,person,1.3704,-0.2146,22.3604
1763554721.585751,162,1,0,person,0.4345,0.0627,-2.4794
1763554721.5862606,162,2,0,person,1.3704,,22.3604
1763554721.6854892,163,1,0,person,0.4249,-0.0965,-2.5310
1763554721.6854892,163,2,0,person,1.3338,-0.3693,22.1390
1763554721.7775548,164,1,0,person,0.4242,-0.0078,-2.4794
1763554721.7785678,164,2,0,person,1.3338,,22.1390
1763554721.872814,165,1,0,person,0.4353,0.1166,-2.6342
1763554721.872814,165,2,0,person,1.3409,0.0761,22.1834
1763554721.965367,166,1,0,person,0.4242,-0.1200,-1.8601
1763554721.9663668,166,2,0,person,1.3555,0.1558,22.2719
1763554722.0588968,167,1,0,person,0.4308,0.0705,-1.8084
1763554722.0588968,167,2,0,person,1.3482,-0.0792,22.2277
1763554722.15371,168,1,0,person,0.4315,0.0079,-1.4469
1763554722.1547155,168,2,0,person,1.3482,,22.2277
1763554722.246902,169,1,0,person,0.4249,-0.0710,-0.4652
1763554722.247902,169,2,0,person,1.3482,,22.2277
1763554722.342766,170,1,0,person,0.4338,0.0925,-1.4986
1763554722.342766,170,2,0,person,1.3409,-0.0764,22.1834
1763554722.431078,171,1,0,person,0.4323,-0.0170,-1.7052
1763554722.431078,171,2,0,person,1.3338,-0.0812,22.1390
1763554722.5254667,172,1,0,person,0.4075,-0.2619,-0.5169
1763554722.5259836,172,2,0,person,1.3197,-0.1487,22.0503
1763554722.6217399,173,1,0,person,0.4494,0.4348,-0.9820
1763554722.622754,173,2,0,person,1.3058,-0.1428,21.9614
1763554722.720432,174,1,0,person,0.5039,0.5519,3.5618
1763554722.7214303,174,2,0,person,1.3058,,21.9614
1763554722.7214303,174,7,0,person,0.7167,,7.7063
1763554722.8118484,175,1,0,person,0.4535,-0.5512,2.3762
1763554722.812356,175,2,0,person,1.2990,-0.0748,21.9169
1763554722.812356,175,7,0,person,0.6778,-0.4284,6.4847
1763554722.9054596,176,1,0,person,0.4345,-0.2025,-1.5502
1763554722.9064443,176,2,0,person,1.3058,0.0723,21.9614
1763554722.9064443,176,7,0,person,0.6778,,6.4847
1763554722.9950209,177,1,0,person,0.4227,-0.1316,-0.9303
1763554722.9960344,177,2,0,person,1.3058,,21.9614
1763554722.9960344,177,7,0,person,0.6687,-0.1014,6.7397
1763554723.088781,178,1,0,person,0.4157,-0.0751,-0.8269
1763554723.088781,178,2,0,person,1.3058,,21.9614
1763554723.089781,178,7,0,person,0.6687,,6.7397
1763554723.1829703,179,1,0,person,0.4308,0.1601,0.2584
1763554723.1839676,179,2,0,person,1.2923,-0.1422,21.8724
1763554723.1839676,179,7,0,person,0.6687,,6.7397
1763554723.2787933,180,1,0,person,0.4278,-0.0308,0.5685
1763554723.279807,180,2,0,person,1.3058,0.1412,21.9614
1763554723.279807,180,7,0,person,0.6687,,6.7397
1763554723.3698502,181,1,0,person,0.4293,0.0162,0.4652
1763554723.3708527,181,2,0,person,1.3058,,21.9614
1763554723.3708527,181,7,0,person,0.6687,,6.7397
1763554723.4610846,182,1,0,person,0.4157,-0.1490,0.6202
1763554723.4620974,182,2,0,person,1.2923,-0.1483,21.8724
1763554723.4620974,182,7,0,person,0.6687,,6.7397
1763554723.5576768,183,1,0,person,0.4407,0.2585,-2.7889
1763554723.5592003,183,2,0,person,1.2990,0.0693,21.9169
1763554723.5592003,183,7,0,person,0.6616,-0.0731,6.2295
1763554723.6494532,184,1,0,person,0.5470,1.1583,-9.4245
1763554723.650457,184,2,0,person,1.2923,-0.0738,21.8724
1763554723.650457,184,7,0,person,0.5882,-0.8036,4.8470
1763554723.7466488,185,1,0,person,0.4645,-0.8488,-5.3085
1763554723.7466488,185,2,0,person,1.2725,-0.2056,21.7388
1763554723.7476468,185,7,0,person,0.6581,0.7186,5.8205
1763554723.8402872,186,1,0,person,0.5617,1.0390,-10.0270
1763554723.8413007,186,2,0,person,1.2347,-0.3993,21.4707
1763554723.8413007,186,7,0,person,0.5352,-1.3119,0.3101
1763554723.9346068,187,1,0,person,0.5617,,-10.0270
1763554723.93561,187,2,0,person,1.2226,-0.1284,21.3811
1763554723.93561,187,7,0,person,0.5008,-0.3647,-1.5502
1763554724.0315294,188,1,0,person,0.5656,0.0394,-9.9769
1763554724.0315294,188,2,0,person,1.2167,-0.0622,21.3363
1763554724.0325274,188,7,0,person,0.5814,0.8312,1.9117
1763554724.122073,189,1,0,person,0.5827,0.1897,-10.7272
1763554724.122073,189,2,0,person,1.2049,-0.1298,21.2465
1763554724.123072,189,7,0,person,0.5787,-0.0298,2.2214
1763554724.2172549,190,1,0,person,0.5953,0.1315,-11.1756
1763554724.2172549,190,2,0,person,1.2108,0.0615,21.2914
1763554724.2182539,190,7,0,person,0.5617,-0.1780,1.8601
1763554724.3077915,191,1,0,person,0.4968,-1.0871,-6.9945
1763554724.3083065,191,2,0,person,1.2226,0.1304,21.3811
1763554724.3083065,191,7,0,person,0.5694,0.0855,1.7568
1763554724.4015024,192,1,0,person,0.5605,0.6791,-9.9769
1763554724.4025013,192,2,0,person,1.2286,0.0639,21.4259
1763554724.4025013,192,7,0,person,0.5029,-0.7069,3.3043
1763554724.4919376,193,1,0,person,0.5364,-0.2666,-8.8703
1763554724.4929502,193,2,0,person,1.2226,-0.0666,21.3811
1763554724.4929502,193,7,0,person,0.4881,-0.1632,3.1497
1763554724.586347,194,1,0,person,0.5530,0.1764,-9.6758
1763554724.587347,194,2,0,person,1.2286,0.0638,21.4259
1763554724.587347,194,7,0,person,0.4527,-0.3754,1.9117
1763554724.6837604,195,1,0,person,0.5530,,-9.5753
1763554724.6837604,195,2,0,person,1.2286,,21.4259
1763554724.6847532,195,7,0,person,0.5910,1.4206,2.5826
1763554724.7723832,196,1,0,person,0.5329,-0.2267,-8.7189
1763554724.7723832,196,2,0,person,1.2226,-0.0680,21.3811
1763554724.7733808,196,7,0,person,0.5592,-0.3589,1.8601
1763554724.8706205,197,1,0,person,0.5080,-0.2541,-7.5539
1763554724.8706205,197,2,0,person,1.2226,,21.3811
1763554724.8716137,197,7,0,person,0.5841,0.2533,2.6342
1763554724.9612632,198,1,0,person,0.4843,-0.2612,-6.2295
1763554724.9622736,198,2,0,person,1.2167,-0.0651,21.3363
1763554724.9622736,198,7,0,person,0.5967,0.1387,2.9951
1763554725.058506,199,1,0,person,0.5341,0.5119,-8.6684
1763554725.0595067,199,2,0,person,1.2226,0.0613,21.3811
1763554725.0595067,199,7,0,person,0.5996,0.0295,3.0982
1763554725.1496131,200,1,0,person,0.5543,0.2215,-9.7260
1763554725.1506155,200,2,0,person,1.2167,-0.0655,21.3363
1763554725.1506155,200,7,0,person,0.5410,-0.6424,0.8786
1763554725.2440312,201,1,0,person,0.5617,0.0793,-10.0270
1763554725.2440312,201,2,0,person,1.2226,0.0638,21.3811
1763554725.2450309,201,7,0,person,0.5049,-0.3828,-0.9303
1763554725.3368134,202,1,0,person,0.5555,-0.0674,-9.7762
1763554725.3378158,202,2,0,person,1.2167,-0.0636,21.3363
1763554725.3378158,202,7,0,person,0.5196,0.1587,-0.3101
1763554725.429506,203,1,0,person,0.5555,,-9.7762
1763554725.429506,203,2,0,person,1.2167,,21.3363
1763554725.4305074,203,7,0,person,0.6395,1.2937,4.0250
1763554725.5279646,204,1,0,person,0.5059,-0.5035,-7.5539
1763554725.5279646,204,2,0,person,1.2167,,21.3363
1763554725.5289629,204,7,0,person,0.5229,-1.1847,5.5134
1763554725.6183772,205,1,0,person,0.5039,-0.0226,-7.4523
1763554725.6193907,205,2,0,person,1.2286,0.1311,21.4259
1763554725.6193907,205,7,0,person,0.4742,-0.5387,2.6858
1763554725.7126791,206,1,0,person,0.5039,,-7.4523
1763554725.7136822,206,2,0,person,1.2471,0.1955,21.5602
1763554725.7136822,206,7,0,person,0.5329,0.6232,2.4794
1763554725.8073757,207,1,0,person,0.5039,,-7.4523
1763554725.8073757,207,2,0,person,1.2226,-0.2610,21.3811
1763554725.8073757,207,7,0,person,0.4462,-0.9260,-2.4278
1763554725.9021263,208,1,0,person,0.5039,,-7.4523
1763554725.9031227,208,2,0,person,1.2347,0.1264,21.4707
1763554725.9031227,208,7,0,person,0.5707,1.3010,3.8706
1763554725.9925876,209,1,0,person,0.5295,0.2838,-8.6684
1763554725.9925876,209,2,0,person,1.2471,0.1380,21.5602
1763554725.9935884,209,7,0,person,0.4815,-0.9865,0.5169
1763554726.086502,210,1,0,person,0.5295,,-8.6684
1763554726.086502,210,2,0,person,1.2347,-0.1315,21.4707
1763554726.086502,210,7,0,person,0.4315,-0.5379,-2.7889
1763554726.1778824,211,1,0,person,0.5295,,-8.6684
1763554726.1788785,211,2,0,person,1.2471,0.1337,21.5602
1763554726.1788785,211,7,0,person,0.4249,-0.0716,1.2920
1763554726.2709587,212,1,0,person,0.5295,,-8.6684
1763554726.2709587,212,2,0,person,1.2409,-0.0674,21.5154
1763554726.2709587,212,7,0,person,0.4470,0.2398,3.0982
1763554726.366974,213,1,0,person,0.5295,,-8.6684
1763554726.3679633,213,2,0,person,1.2347,-0.0633,21.4707
1763554726.3679633,213,7,0,person,0.3997,-0.4874,-0.8269
1763554726.4596078,214,1,0,person,0.5295,,-8.6684
1763554726.4596078,214,2,0,person,1.2409,0.0670,21.5154
1763554726.4606056,214,7,0,person,0.3928,-0.0747,-0.2584
1763554726.5530899,215,1,0,person,0.5295,,-8.6684
1763554726.5540876,215,2,0,person,1.2471,0.0657,21.5602
1763554726.5540876,215,7,0,person,0.3940,0.0133,-0.3618
1763554726.648469,216,1,0,person,0.5295,,-8.6684
1763554726.6494617,216,2,0,person,1.2597,0.1321,21.6495
1763554726.6494617,216,7,0,person,0.3959,0.0197,-0.4135
1763554726.7492666,217,1,0,person,0.5295,,-8.6684
1763554726.7502663,217,2,0,person,1.2661,0.0634,21.6942
1763554726.7502663,217,7,0,person,0.3928,-0.0309,-0.2584
1763554726.8585825,218,1,0,person,0.5295,,-8.6684
1763554726.8596117,218,2,0,person,1.2661,,21.6942
1763554726.8605766,218,7,0,person,0.3978,0.0454,-0.6719
1763554726.9646907,219,1,0,person,0.5295,,-8.6684
1763554726.9656918,219,2,0,person,1.2661,,21.6942
1763554726.9656918,219,7,0,person,0.3940,-0.0359,-0.2584
1763554727.063897,220,1,0,person,0.5295,,-8.6684
1763554727.0648894,220,2,0,person,1.2661,,21.6942
1763554727.0648894,220,7,0,person,0.3940,,-0.2584
1763554727.1714342,221,1,0,person,0.5295,,-8.6684
1763554727.1714342,221,2,0,person,1.2533,-0.1194,21.6049
1763554727.172428,221,7,0,person,0.3959,0.0174,-0.4135
1763554727.276149,222,1,0,person,0.5295,,-8.6684
1763554727.276149,222,2,0,person,1.2533,,21.6049
1763554727.276149,222,7,0,person,0.4010,0.0491,-0.8269
1763554727.366119,223,1,0,person,0.5295,,-8.6684
1763554727.367122,223,2,0,person,1.2533,,21.6049
1763554727.367122,223,7,0,person,0.3946,-0.0697,-0.3101
1763554727.4646187,224,1,0,person,0.5295,,-8.6684
1763554727.4656346,224,2,0,person,1.2533,,21.6049
1763554727.4656346,224,7,0,person,0.3991,0.0449,-0.6719
1763554727.5523958,225,1,0,person,0.5295,,-8.6684
1763554727.5523958,225,2,0,person,1.2533,,21.6049
1763554727.5523958,225,7,0,person,0.3946,-0.0509,-0.2067
1763554727.6524913,226,1,0,person,0.5295,,-8.6684
1763554727.6535053,226,2,0,person,1.2533,,21.6049
1763554727.6535053,226,7,0,person,0.3934,-0.0123,-0.2067
1763554727.7420218,227,1,0,person,0.5295,,-8.6684
1763554727.7420218,227,2,0,person,1.2471,-0.0708,21.5602
1763554727.7430203,227,7,0,person,0.3965,0.0349,-0.4652
1763554727.83608,228,1,0,person,0.5295,,-8.6684
1763554727.837238,228,2,0,person,1.2471,,21.5602
1763554727.837238,228,7,0,person,0.3984,0.0202,-0.3101
1763554727.9277086,229,1,0,person,0.5295,,-8.6684
1763554727.928708,229,2,0,person,1.2471,,21.5602
1763554727.928708,229,7,0,person,0.4010,0.0280,-0.7236
1763554728.0227084,230,1,0,person,0.5295,,-8.6684
1763554728.0227084,230,2,0,person,1.2409,-0.0660,21.5154
1763554728.0237064,230,7,0,person,0.3991,-0.0203,-0.6719
1763554728.1166728,231,1,0,person,0.5295,,-8.6684
1763554728.1166728,231,2,0,person,1.2409,,21.5154
1763554728.1176722,231,7,0,person,0.3991,,-0.5685
1763554728.2088127,232,1,0,person,0.5295,,-8.6684
1763554728.20981,232,2,0,person,1.2347,-0.0660,21.4707
1763554728.20981,232,7,0,person,0.3984,-0.0069,-0.5169
1763554728.304841,233,1,0,person,0.5295,,-8.6684
1763554728.304841,233,2,0,person,1.2347,,21.4707
1763554728.305858,233,7,0,person,0.3997,0.0133,-0.6202
1763554728.3967798,234,1,0,person,0.5295,,-8.6684
1763554728.3967798,234,2,0,person,1.2409,0.0668,21.5154
1763554728.3977935,234,7,0,person,0.3972,-0.0277,-0.5169
1763554728.4959116,235,1,0,person,0.5295,,-8.6684
1763554728.496913,235,2,0,person,1.2409,,21.5154
1763554728.496913,235,7,0,person,0.4003,0.0322,-0.7753
1763554728.6132417,236,1,0,person,0.5295,,-8.6684
1763554728.6142414,236,2,0,person,1.2409,,21.5154
1763554728.6142414,236,7,0,person,0.4150,0.1249,-1.9117
1763554728.7191923,237,1,0,person,0.5295,,-8.6684
1763554728.7201948,237,2,0,person,1.2471,0.0586,21.5602
1763554728.7201948,237,7,0,person,0.4116,-0.0323,-1.6535
1763554728.827551,238,1,0,person,0.5295,,-8.6684
1763554728.827551,238,2,0,person,1.2471,,21.5602
1763554728.8285491,238,7,0,person,0.4123,0.0063,-1.4986
1763554728.9263566,239,1,0,person,0.5295,,-8.6684
1763554728.927348,239,2,0,person,1.2347,-0.1237,21.4707
1763554728.927348,239,7,0,person,0.3984,-0.1400,-0.5169
1763554729.0286045,240,2,0,person,1.2409,0.0607,21.5154
1763554729.0296028,240,7,0,person,0.4062,0.0762,-1.1370
1763554729.1505668,241,2,0,person,1.2409,,21.5154
1763554729.1515815,241,7,0,person,0.4082,0.0164,-1.3953
1763554729.2448227,242,2,0,person,1.2409,,21.5154
1763554729.2448227,242,7,0,person,0.3997,-0.0912,-0.5169
1763554729.343064,243,2,0,person,1.2409,,21.5154
1763554729.344061,243,7,0,person,0.4010,0.0130,-0.7236
1763554729.4437683,244,2,0,person,1.2409,,21.5154
1763554729.4437683,244,7,0,person,0.3978,-0.0321,-0.4652
1763554729.5409052,245,2,0,person,1.2409,,21.5154
1763554729.5409052,245,7,0,person,0.4016,0.0396,-0.7753
1763554729.6314082,246,2,0,person,1.2409,,21.5154
1763554729.632421,246,7,0,person,0.3953,-0.0696,-0.2584
1763554729.731839,247,2,0,person,1.2409,,21.5154
1763554729.7328217,247,7,0,person,0.3959,0.0062,-0.2067
1763554729.8265357,248,2,0,person,1.2347,-0.0649,21.4707
1763554729.8265357,248,7,0,person,0.3972,0.0135,-0.4135
1763554729.9204373,249,2,0,person,1.2409,0.0654,21.5154
1763554729.9214363,249,7,0,person,0.3953,-0.0199,-0.2584
1763554730.0352547,250,2,0,person,1.2409,,21.5154
1763554730.0362687,250,7,0,person,0.3972,0.0164,-0.5169
1763554730.4541616,251,2,0,person,1.2347,-0.0147,21.4707
1763554730.4551613,251,7,0,person,0.3991,0.0046,-0.6719
1763554730.6302462,252,2,0,person,1.2286,-0.0345,21.4259
1763554730.6312518,252,7,0,person,0.4109,0.0672,-0.7753
1763554730.7614865,253,2,0,person,1.2226,-0.0459,21.3811
1763554730.7624676,253,7,0,person,0.4407,0.2268,-2.6858
1763554730.885619,254,2,0,person,1.1934,-0.2356,21.1567
1763554730.887142,254,7,0,person,0.4568,0.1295,-4.4362
1763554731.0131695,255,2,0,person,1.1821,-0.0887,21.0667
1763554731.0131695,255,7,0,person,0.6948,1.8880,-3.2528
1763554731.1386683,256,2,0,person,1.1547,-0.2180,20.8413
1763554731.1386683,256,7,0,person,0.5518,-1.1390,-9.5251
1763554731.2615201,257,2,0,person,1.1441,-0.0862,20.7510
1763554731.262524,257,7,0,person,0.5910,0.3167,-11.1258
1763554731.3867726,258,2,0,person,1.1547,0.0846,20.8413
1763554731.3877826,258,7,0,person,0.5924,0.0112,-11.1756
1763554731.511371,259,2,0,person,1.1547,,20.8413
1763554731.512407,259,7,0,person,0.5882,-0.0336,-11.0262
1763554731.642828,260,2,0,person,1.1601,0.0409,20.8865
1763554731.642828,260,7,0,person,0.5341,-0.4153,-8.7694
1763554731.7619393,261,2,0,person,1.1710,0.0914,20.9767
1763554731.762939,261,7,0,person,0.5240,-0.0841,-8.4156
1763554731.8785827,262,2,0,person,1.1877,0.1434,21.1117
1763554731.8796062,262,7,0,person,0.5555,0.2701,-9.7762
1763554731.9892416,263,2,0,person,1.1877,,21.1117
1763554731.990247,263,7,0,person,0.5518,-0.0333,-9.4245
1763554732.1081643,264,2,0,person,1.1877,,21.1117
1763554732.109163,264,7,0,person,0.5284,-0.1966,-8.6178
1763554732.222044,265,2,0,person,1.1934,0.0499,21.1567
1763554732.222044,265,7,0,person,0.5352,0.0603,-8.7189
1763554732.3428373,266,2,0,person,1.1934,,21.1567
1763554732.3428373,266,7,0,person,0.5295,-0.0470,-8.6684
1763554732.462864,267,2,0,person,1.1934,,21.1567
1763554732.462864,267,7,0,person,0.5518,0.1855,-8.2132
1763554732.5736635,268,2,0,person,1.1877,-0.0513,21.1117
1763554732.5736635,268,7,0,person,0.5422,-0.0866,-7.6047
1763554732.6798592,269,2,0,person,1.1934,0.0535,21.1567
1763554732.6808834,269,7,0,person,0.5592,0.1587,-8.4156
1763554732.7848377,270,2,0,person,1.1934,,21.1567
1763554732.785842,270,7,0,person,0.5494,-0.0939,-7.9092
1763554732.897134,271,2,0,person,1.1991,0.0511,21.2016
1763554732.8981438,271,7,0,person,0.5605,0.0989,-8.4662
1763554733.0022945,272,2,0,person,1.1991,,21.2016
1763554733.0032923,272,7,0,person,0.5643,0.0362,-8.7189
1763554733.1189594,273,2,0,person,1.1991,,21.2016
1763554733.1199567,273,7,0,person,0.5669,0.0220,-8.7189
1763554733.2461016,274,2,0,person,1.1934,-0.0451,21.1567
1763554733.2461016,274,7,0,person,0.5630,-0.0304,-8.5673
1763554733.3558354,275,2,0,person,1.1934,,21.1567
1763554733.3558354,275,7,0,person,0.5543,-0.0798,-8.3144
1763554733.4684768,276,2,0,person,1.1991,0.0509,21.2016
1763554733.469474,276,7,0,person,0.5410,-0.1164,-7.4523
1763554733.589818,277,2,0,person,1.1934,-0.0473,21.1567
1763554733.589818,277,7,0,person,0.5284,-0.1048,-7.0963
1763554733.7048283,278,2,0,person,1.1934,,21.1567
1763554733.7048283,278,7,0,person,0.5543,0.2246,-8.0106
1763554733.812517,279,2,0,person,1.1655,-0.2589,20.9316
1763554733.8135164,279,7,0,person,0.5592,0.0457,-9.1224
1763554733.9381013,280,2,0,person,1.1877,0.1768,21.1117
1763554733.9381013,280,7,0,person,0.5029,-0.4525,-7.4015
1763554734.068424,281,2,0,person,1.1991,0.0876,21.2016
1763554734.0694206,281,7,0,person,0.5251,0.1693,-8.4662
1763554734.1986907,282,2,0,person,1.1991,,21.2016
1763554734.2001665,282,7,0,person,0.5284,0.0255,-8.6178
1763554734.3289518,283,2,0,person,1.2049,0.0445,21.2465
1763554734.3289518,283,7,0,person,0.5101,-0.1426,-7.6555
1763554734.4407341,284,2,0,person,1.1991,-0.0518,21.2016
1763554734.4407341,284,7,0,person,0.5185,0.0759,-8.0613
1763554734.6129177,285,2,0,person,1.1991,,21.2016
1763554734.6139207,285,7,0,person,0.5364,0.1030,-8.8703
1763554734.7888832,286,2,0,person,1.1991,,21.2016
1763554734.78982,286,7,0,person,0.5143,-0.1257,-7.7570
1763554734.9723399,287,2,0,person,1.1991,,21.2016
1763554734.9733427,287,7,0,person,0.5518,0.2046,-9.6256
1763554735.1530812,288,2,0,person,1.1877,-0.0632,21.1117
1763554735.1541858,288,7,0,person,0.5605,0.0480,-9.8766
1763554735.3353198,289,2,0,person,1.1821,-0.0309,21.0667
1763554735.3363087,289,7,0,person,0.5530,-0.0409,-9.6758
1763554735.5209305,290,2,0,person,1.1765,-0.0300,21.0217
1763554735.5219326,290,7,0,person,0.5399,-0.0709,-9.1224
1763554735.7014437,291,2,0,person,1.1821,0.0309,21.0667
1763554735.7024374,291,7,0,person,0.5295,-0.0571,-8.5673
1763554735.8816996,292,2,0,person,1.2108,0.1592,21.2914
1763554735.8827002,292,7,0,person,0.5410,0.0637,-7.7570
